name,bus0,bus1,type,carrier,efficiency,active,build_year,lifetime,p_nom,p_nom_mod,p_nom_extendable,p_nom_min,p_nom_max,p_nom_set,p_set,p_init,p_min_pu,p_max_pu,capital_cost,overnight_cost,discount_rate,fom_cost,marginal_cost,marginal_cost_quadratic,stand_by_cost,length,terrain_factor,committable,start_up_cost,shut_down_cost,min_up_time,min_down_time,up_time_before,down_time_before,ramp_limit_up,ramp_limit_down,ramp_limit_start_up,ramp_limit_shut_down,delay,cyclic_delay,p_nom_opt,interconnector_name,counterparty_country,commissioning_year,source
Z1_3-Z1_1,Z1_3,Z1_1,,DC,1.0,True,0,inf,3500.0,0.0,False,0.0,inf,,,,-1.0,1.0,0.0,,,0.0,0.0,0.0,0.0,0.0,1.0,False,0.0,0.0,0,0,1,0,,,,,0,True,0.0,,,,
Z1_3-Z1_2,Z1_3,Z1_2,,DC,1.0,True,0,inf,3500.0,0.0,False,0.0,inf,,,,-1.0,1.0,0.0,,,0.0,0.0,0.0,0.0,0.0,1.0,False,0.0,0.0,0,0,1,0,,,,,0,True,0.0,,,,
Z2-Z1_3,Z2,Z1_3,,DC,1.0,True,0,inf,6000.0,0.0,False,0.0,inf,,,,-1.0,1.0,0.0,,,0.0,0.0,0.0,0.0,0.0,1.0,False,0.0,0.0,0,0,1,0,,,,,0,True,0.0,,,,
Z7-Z2,Z7,Z2,,DC,1.0,True,0,inf,6000.0,0.0,False,0.0,inf,,,,-1.0,1.0,0.0,,,0.0,0.0,0.0,0.0,0.0,1.0,False,0.0,0.0,0,0,1,0,,,,,0,True,0.0,,,,
Z9-Z3,Z9,Z3,,DC,1.0,True,0,inf,8000.0,0.0,False,0.0,inf,,,,-1.0,1.0,0.0,,,0.0,0.0,0.0,0.0,0.0,1.0,False,0.0,0.0,0,0,1,0,,,,,0,True,0.0,,,,
Z1_4-Z1_2,Z1_4,Z1_2,,AC,1.0,True,0,inf,2000.0,0.0,False,0.0,inf,,,,-1.0,1.0,0.0,,,0.0,0.0,0.0,0.0,0.0,1.0,False,0.0,0.0,0,0,1,0,,,,,0,True,0.0,,,,
Z1_4-Z1_3,Z1_4,Z1_3,,AC,1.0,True,0,inf,3000.0,0.0,False,0.0,inf,,,,-1.0,1.0,0.0,,,0.0,0.0,0.0,0.0,0.0,1.0,False,0.0,0.0,0,0,1,0,,,,,0,True,0.0,,,,
Z2-Z1_4,Z2,Z1_4,,AC,1.0,True,0,inf,4000.0,0.0,False,0.0,inf,,,,-1.0,1.0,0.0,,,0.0,0.0,0.0,0.0,0.0,1.0,False,0.0,0.0,0,0,1,0,,,,,0,True,0.0,,,,
Z3-Z2,Z3,Z2,,AC,1.0,True,0,inf,6000.0,0.0,False,0.0,inf,,,,-1.0,1.0,0.0,,,0.0,0.0,0.0,0.0,0.0,1.0,False,0.0,0.0,0,0,1,0,,,,,0,True,0.0,,,,
Z4-Z3,Z4,Z3,,AC,1.0,True,0,inf,8000.0,0.0,False,0.0,inf,,,,-1.0,1.0,0.0,,,0.0,0.0,0.0,0.0,0.0,1.0,False,0.0,0.0,0,0,1,0,,,,,0,True,0.0,,,,
Z5-Z3,Z5,Z3,,AC,1.0,True,0,inf,8000.0,0.0,False,0.0,inf,,,,-1.0,1.0,0.0,,,0.0,0.0,0.0,0.0,0.0,1.0,False,0.0,0.0,0,0,1,0,,,,,0,True,0.0,,,,
Z6-Z5,Z6,Z5,,AC,1.0,True,0,inf,8000.0,0.0,False,0.0,inf,,,,-1.0,1.0,0.0,,,0.0,0.0,0.0,0.0,0.0,1.0,False,0.0,0.0,0,0,1,0,,,,,0,True,0.0,,,,
Z7-Z6,Z7,Z6,,AC,1.0,True,0,inf,8000.0,0.0,False,0.0,inf,,,,-1.0,1.0,0.0,,,0.0,0.0,0.0,0.0,0.0,1.0,False,0.0,0.0,0,0,1,0,,,,,0,True,0.0,,,,
Z8-Z7,Z8,Z7,,AC,1.0,True,0,inf,6000.0,0.0,False,0.0,inf,,,,-1.0,1.0,0.0,,,0.0,0.0,0.0,0.0,0.0,1.0,False,0.0,0.0,0,0,1,0,,,,,0,True,0.0,,,,
Z9-Z7,Z9,Z7,,AC,1.0,True,0,inf,6000.0,0.0,False,0.0,inf,,,,-1.0,1.0,0.0,,,0.0,0.0,0.0,0.0,0.0,1.0,False,0.0,0.0,0,0,1,0,,,,,0,True,0.0,,,,
Z9-Z8,Z9,Z8,,AC,1.0,True,0,inf,6000.0,0.0,False,0.0,inf,,,,-1.0,1.0,0.0,,,0.0,0.0,0.0,0.0,0.0,1.0,False,0.0,0.0,0,0,1,0,,,,,0,True,0.0,,,,
Z10-Z8,Z10,Z8,,AC,1.0,True,0,inf,8000.0,0.0,False,0.0,inf,,,,-1.0,1.0,0.0,,,0.0,0.0,0.0,0.0,0.0,1.0,False,0.0,0.0,0,0,1,0,,,,,0,True,0.0,,,,
Z11-Z9,Z11,Z9,,AC,1.0,True,0,inf,8000.0,0.0,False,0.0,inf,,,,-1.0,1.0,0.0,,,0.0,0.0,0.0,0.0,0.0,1.0,False,0.0,0.0,0,0,1,0,,,,,0,True,0.0,,,,
Z11-Z10,Z11,Z10,,AC,1.0,True,0,inf,8000.0,0.0,False,0.0,inf,,,,-1.0,1.0,0.0,,,0.0,0.0,0.0,0.0,0.0,1.0,False,0.0,0.0,0,0,1,0,,,,,0,True,0.0,,,,
Z12-Z10,Z12,Z10,,AC,1.0,True,0,inf,8000.0,0.0,False,0.0,inf,,,,-1.0,1.0,0.0,,,0.0,0.0,0.0,0.0,0.0,1.0,False,0.0,0.0,0,0,1,0,,,,,0,True,0.0,,,,
Z12-Z11,Z12,Z11,,AC,1.0,True,0,inf,8000.0,0.0,False,0.0,inf,,,,-1.0,1.0,0.0,,,0.0,0.0,0.0,0.0,0.0,1.0,False,0.0,0.0,0,0,1,0,,,,,0,True,0.0,,,,
Z13-Z11,Z13,Z11,,AC,1.0,True,0,inf,5000.0,0.0,False,0.0,inf,,,,-1.0,1.0,0.0,,,0.0,0.0,0.0,0.0,0.0,1.0,False,0.0,0.0,0,0,1,0,,,,,0,True,0.0,,,,
Z13-Z12,Z13,Z12,,AC,1.0,True,0,inf,5000.0,0.0,False,0.0,inf,,,,-1.0,1.0,0.0,,,0.0,0.0,0.0,0.0,0.0,1.0,False,0.0,0.0,0,0,1,0,,,,,0,True,0.0,,,,
Z14-Z12,Z14,Z12,,AC,1.0,True,0,inf,10000.0,0.0,False,0.0,inf,,,,-1.0,1.0,0.0,,,0.0,0.0,0.0,0.0,0.0,1.0,False,0.0,0.0,0,0,1,0,,,,,0,True,0.0,,,,
Z15-Z12,Z15,Z12,,AC,1.0,True,0,inf,6000.0,0.0,False,0.0,inf,,,,-1.0,1.0,0.0,,,0.0,0.0,0.0,0.0,0.0,1.0,False,0.0,0.0,0,0,1,0,,,,,0,True,0.0,,,,
Z15-Z14,Z15,Z14,,AC,1.0,True,0,inf,10000.0,0.0,False,0.0,inf,,,,-1.0,1.0,0.0,,,0.0,0.0,0.0,0.0,0.0,1.0,False,0.0,0.0,0,0,1,0,,,,,0,True,0.0,,,,
Z16-Z13,Z16,Z13,,AC,1.0,True,0,inf,6000.0,0.0,False,0.0,inf,,,,-1.0,1.0,0.0,,,0.0,0.0,0.0,0.0,0.0,1.0,False,0.0,0.0,0,0,1,0,,,,,0,True,0.0,,,,
Z16-Z14,Z16,Z14,,AC,1.0,True,0,inf,10000.0,0.0,False,0.0,inf,,,,-1.0,1.0,0.0,,,0.0,0.0,0.0,0.0,0.0,1.0,False,0.0,0.0,0,0,1,0,,,,,0,True,0.0,,,,
Z16-Z15,Z16,Z15,,AC,1.0,True,0,inf,6000.0,0.0,False,0.0,inf,,,,-1.0,1.0,0.0,,,0.0,0.0,0.0,0.0,0.0,1.0,False,0.0,0.0,0,0,1,0,,,,,0,True,0.0,,,,
Z17-Z13,Z17,Z13,,AC,1.0,True,0,inf,4000.0,0.0,False,0.0,inf,,,,-1.0,1.0,0.0,,,0.0,0.0,0.0,0.0,0.0,1.0,False,0.0,0.0,0,0,1,0,,,,,0,True,0.0,,,,
Z17-Z16,Z17,Z16,,AC,1.0,True,0,inf,4000.0,0.0,False,0.0,inf,,,,-1.0,1.0,0.0,,,0.0,0.0,0.0,0.0,0.0,1.0,False,0.0,0.0,0,0,1,0,,,,,0,True,0.0,,,,
electrolysis_Z10,Z10,GB_H2,,electrolysis,0.7,True,0,inf,5341.052239916687,0.0,False,0.0,inf,,,,0.0,1.0,0.0,,,0.0,0.0,0.0,0.0,0.0,1.0,False,0.0,0.0,0,0,1,0,,,,,0,True,0.0,,,,
electrolysis_Z3,Z3,GB_H2,,electrolysis,0.7,True,0,inf,694.9969200277711,0.0,False,0.0,inf,,,,0.0,1.0,0.0,,,0.0,0.0,0.0,0.0,0.0,1.0,False,0.0,0.0,0,0,1,0,,,,,0,True,0.0,,,,
electrolysis_Z4,Z4,GB_H2,,electrolysis,0.7,True,0,inf,694.9969200277711,0.0,False,0.0,inf,,,,0.0,1.0,0.0,,,0.0,0.0,0.0,0.0,0.0,1.0,False,0.0,0.0,0,0,1,0,,,,,0,True,0.0,,,,
electrolysis_Z5,Z5,GB_H2,,electrolysis,0.7,True,0,inf,694.9969200277711,0.0,False,0.0,inf,,,,0.0,1.0,0.0,,,0.0,0.0,0.0,0.0,0.0,1.0,False,0.0,0.0,0,0,1,0,,,,,0,True,0.0,,,,
H2_turbine_gen_H2_1014,GB_H2,Z10,,H2_turbine,0.5,True,0,inf,36.672,0.0,False,0.0,inf,,,,0.0,1.0,0.0,,,0.0,5.0,0.0,0.0,0.0,1.0,False,0.0,0.0,0,0,1,0,,,,,0,True,0.0,,,,
H2_turbine_gen_H2_1015,GB_H2,Z10,,H2_turbine,0.5,True,0,inf,44.758,0.0,False,0.0,inf,,,,0.0,1.0,0.0,,,0.0,5.0,0.0,0.0,0.0,1.0,False,0.0,0.0,0,0,1,0,,,,,0,True,0.0,,,,
H2_turbine_gen_H2_1016,GB_H2,Z10,,H2_turbine,0.5,True,0,inf,2.208,0.0,False,0.0,inf,,,,0.0,1.0,0.0,,,0.0,5.0,0.0,0.0,0.0,1.0,False,0.0,0.0,0,0,1,0,,,,,0,True,0.0,,,,
H2_turbine_gen_H2_1017,GB_H2,Z10,,H2_turbine,0.5,True,0,inf,0.194,0.0,False,0.0,inf,,,,0.0,1.0,0.0,,,0.0,5.0,0.0,0.0,0.0,1.0,False,0.0,0.0,0,0,1,0,,,,,0,True,0.0,,,,
H2_turbine_gen_H2_1018,GB_H2,Z10,,H2_turbine,0.5,True,0,inf,39.456,0.0,False,0.0,inf,,,,0.0,1.0,0.0,,,0.0,5.0,0.0,0.0,0.0,1.0,False,0.0,0.0,0,0,1,0,,,,,0,True,0.0,,,,
H2_turbine_gen_H2_1019,GB_H2,Z10,,H2_turbine,0.5,True,0,inf,1.258,0.0,False,0.0,inf,,,,0.0,1.0,0.0,,,0.0,5.0,0.0,0.0,0.0,1.0,False,0.0,0.0,0,0,1,0,,,,,0,True,0.0,,,,
H2_turbine_gen_H2_1020,GB_H2,Z10,,H2_turbine,0.5,True,0,inf,0.195,0.0,False,0.0,inf,,,,0.0,1.0,0.0,,,0.0,5.0,0.0,0.0,0.0,1.0,False,0.0,0.0,0,0,1,0,,,,,0,True,0.0,,,,
H2_turbine_gen_H2_1021,GB_H2,Z10,,H2_turbine,0.5,True,0,inf,34.298,0.0,False,0.0,inf,,,,0.0,1.0,0.0,,,0.0,5.0,0.0,0.0,0.0,1.0,False,0.0,0.0,0,0,1,0,,,,,0,True,0.0,,,,
H2_turbine_gen_H2_1022,GB_H2,Z10,,H2_turbine,0.5,True,0,inf,7.612,0.0,False,0.0,inf,,,,0.0,1.0,0.0,,,0.0,5.0,0.0,0.0,0.0,1.0,False,0.0,0.0,0,0,1,0,,,,,0,True,0.0,,,,
H2_turbine_gen_H2_1023,GB_H2,Z10,,H2_turbine,0.5,True,0,inf,140.921,0.0,False,0.0,inf,,,,0.0,1.0,0.0,,,0.0,5.0,0.0,0.0,0.0,1.0,False,0.0,0.0,0,0,1,0,,,,,0,True,0.0,,,,
H2_turbine_gen_H2_1024,GB_H2,Z10,,H2_turbine,0.5,True,0,inf,45.777,0.0,False,0.0,inf,,,,0.0,1.0,0.0,,,0.0,5.0,0.0,0.0,0.0,1.0,False,0.0,0.0,0,0,1,0,,,,,0,True,0.0,,,,
H2_turbine_gen_H2_1025,GB_H2,Z10,,H2_turbine,0.5,True,0,inf,0.372,0.0,False,0.0,inf,,,,0.0,1.0,0.0,,,0.0,5.0,0.0,0.0,0.0,1.0,False,0.0,0.0,0,0,1,0,,,,,0,True,0.0,,,,
H2_turbine_gen_H2_1026,GB_H2,Z10,,H2_turbine,0.5,True,0,inf,21.935,0.0,False,0.0,inf,,,,0.0,1.0,0.0,,,0.0,5.0,0.0,0.0,0.0,1.0,False,0.0,0.0,0,0,1,0,,,,,0,True,0.0,,,,
H2_turbine_gen_H2_1027,GB_H2,Z10,,H2_turbine,0.5,True,0,inf,42.375,0.0,False,0.0,inf,,,,0.0,1.0,0.0,,,0.0,5.0,0.0,0.0,0.0,1.0,False,0.0,0.0,0,0,1,0,,,,,0,True,0.0,,,,
H2_turbine_gen_H2_1028,GB_H2,Z10,,H2_turbine,0.5,True,0,inf,0.27,0.0,False,0.0,inf,,,,0.0,1.0,0.0,,,0.0,5.0,0.0,0.0,0.0,1.0,False,0.0,0.0,0,0,1,0,,,,,0,True,0.0,,,,
H2_turbine_gen_H2_1029,GB_H2,Z10,,H2_turbine,0.5,True,0,inf,44.273,0.0,False,0.0,inf,,,,0.0,1.0,0.0,,,0.0,5.0,0.0,0.0,0.0,1.0,False,0.0,0.0,0,0,1,0,,,,,0,True,0.0,,,,
H2_turbine_gen_H2_1030,GB_H2,Z10,,H2_turbine,0.5,True,0,inf,43.65,0.0,False,0.0,inf,,,,0.0,1.0,0.0,,,0.0,5.0,0.0,0.0,0.0,1.0,False,0.0,0.0,0,0,1,0,,,,,0,True,0.0,,,,
H2_turbine_gen_H2_1031,GB_H2,Z10,,H2_turbine,0.5,True,0,inf,6.206,0.0,False,0.0,inf,,,,0.0,1.0,0.0,,,0.0,5.0,0.0,0.0,0.0,1.0,False,0.0,0.0,0,0,1,0,,,,,0,True,0.0,,,,
H2_turbine_gen_H2_1032,GB_H2,Z10,,H2_turbine,0.5,True,0,inf,2.116,0.0,False,0.0,inf,,,,0.0,1.0,0.0,,,0.0,5.0,0.0,0.0,0.0,1.0,False,0.0,0.0,0,0,1,0,,,,,0,True,0.0,,,,
H2_turbine_gen_H2_1033,GB_H2,Z10,,H2_turbine,0.5,True,0,inf,106.774,0.0,False,0.0,inf,,,,0.0,1.0,0.0,,,0.0,5.0,0.0,0.0,0.0,1.0,False,0.0,0.0,0,0,1,0,,,,,0,True,0.0,,,,
H2_turbine_gen_H2_1034,GB_H2,Z10,,H2_turbine,0.5,True,0,inf,27.579,0.0,False,0.0,inf,,,,0.0,1.0,0.0,,,0.0,5.0,0.0,0.0,0.0,1.0,False,0.0,0.0,0,0,1,0,,,,,0,True,0.0,,,,
H2_turbine_gen_H2_1035,GB_H2,Z10,,H2_turbine,0.5,True,0,inf,9.405,0.0,False,0.0,inf,,,,0.0,1.0,0.0,,,0.0,5.0,0.0,0.0,0.0,1.0,False,0.0,0.0,0,0,1,0,,,,,0,True,0.0,,,,
H2_turbine_gen_H2_1036,GB_H2,Z10,,H2_turbine,0.5,True,0,inf,1.512,0.0,False,0.0,inf,,,,0.0,1.0,0.0,,,0.0,5.0,0.0,0.0,0.0,1.0,False,0.0,0.0,0,0,1,0,,,,,0,True,0.0,,,,
H2_turbine_gen_H2_1037,GB_H2,Z10,,H2_turbine,0.5,True,0,inf,8.362,0.0,False,0.0,inf,,,,0.0,1.0,0.0,,,0.0,5.0,0.0,0.0,0.0,1.0,False,0.0,0.0,0,0,1,0,,,,,0,True,0.0,,,,
H2_turbine_gen_H2_1038,GB_H2,Z10,,H2_turbine,0.5,True,0,inf,28.563,0.0,False,0.0,inf,,,,0.0,1.0,0.0,,,0.0,5.0,0.0,0.0,0.0,1.0,False,0.0,0.0,0,0,1,0,,,,,0,True,0.0,,,,
H2_turbine_gen_H2_1039,GB_H2,Z10,,H2_turbine,0.5,True,0,inf,3.969,0.0,False,0.0,inf,,,,0.0,1.0,0.0,,,0.0,5.0,0.0,0.0,0.0,1.0,False,0.0,0.0,0,0,1,0,,,,,0,True,0.0,,,,
H2_turbine_gen_H2_1040,GB_H2,Z10,,H2_turbine,0.5,True,0,inf,28.471,0.0,False,0.0,inf,,,,0.0,1.0,0.0,,,0.0,5.0,0.0,0.0,0.0,1.0,False,0.0,0.0,0,0,1,0,,,,,0,True,0.0,,,,
H2_turbine_gen_H2_1041,GB_H2,Z10,,H2_turbine,0.5,True,0,inf,22.59,0.0,False,0.0,inf,,,,0.0,1.0,0.0,,,0.0,5.0,0.0,0.0,0.0,1.0,False,0.0,0.0,0,0,1,0,,,,,0,True,0.0,,,,
H2_turbine_gen_H2_1042,GB_H2,Z10,,H2_turbine,0.5,True,0,inf,13.023,0.0,False,0.0,inf,,,,0.0,1.0,0.0,,,0.0,5.0,0.0,0.0,0.0,1.0,False,0.0,0.0,0,0,1,0,,,,,0,True,0.0,,,,
H2_turbine_gen_H2_1043,GB_H2,Z10,,H2_turbine,0.5,True,0,inf,72.044,0.0,False,0.0,inf,,,,0.0,1.0,0.0,,,0.0,5.0,0.0,0.0,0.0,1.0,False,0.0,0.0,0,0,1,0,,,,,0,True,0.0,,,,
H2_turbine_gen_H2_1044,GB_H2,Z10,,H2_turbine,0.5,True,0,inf,17.173,0.0,False,0.0,inf,,,,0.0,1.0,0.0,,,0.0,5.0,0.0,0.0,0.0,1.0,False,0.0,0.0,0,0,1,0,,,,,0,True,0.0,,,,
H2_turbine_gen_H2_1045,GB_H2,Z10,,H2_turbine,0.5,True,0,inf,10.485,0.0,False,0.0,inf,,,,0.0,1.0,0.0,,,0.0,5.0,0.0,0.0,0.0,1.0,False,0.0,0.0,0,0,1,0,,,,,0,True,0.0,,,,
H2_turbine_gen_H2_1046,GB_H2,Z10,,H2_turbine,0.5,True,0,inf,0.166,0.0,False,0.0,inf,,,,0.0,1.0,0.0,,,0.0,5.0,0.0,0.0,0.0,1.0,False,0.0,0.0,0,0,1,0,,,,,0,True,0.0,,,,
H2_turbine_gen_H2_1047,GB_H2,Z10,,H2_turbine,0.5,True,0,inf,0.225,0.0,False,0.0,inf,,,,0.0,1.0,0.0,,,0.0,5.0,0.0,0.0,0.0,1.0,False,0.0,0.0,0,0,1,0,,,,,0,True,0.0,,,,
H2_turbine_gen_H2_1048,GB_H2,Z10,,H2_turbine,0.5,True,0,inf,76.665,0.0,False,0.0,inf,,,,0.0,1.0,0.0,,,0.0,5.0,0.0,0.0,0.0,1.0,False,0.0,0.0,0,0,1,0,,,,,0,True,0.0,,,,
H2_turbine_gen_H2_1049,GB_H2,Z10,,H2_turbine,0.5,True,0,inf,34.067,0.0,False,0.0,inf,,,,0.0,1.0,0.0,,,0.0,5.0,0.0,0.0,0.0,1.0,False,0.0,0.0,0,0,1,0,,,,,0,True,0.0,,,,
H2_turbine_gen_H2_1050,GB_H2,Z10,,H2_turbine,0.5,True,0,inf,66.591,0.0,False,0.0,inf,,,,0.0,1.0,0.0,,,0.0,5.0,0.0,0.0,0.0,1.0,False,0.0,0.0,0,0,1,0,,,,,0,True,0.0,,,,
H2_turbine_gen_H2_1051,GB_H2,Z10,,H2_turbine,0.5,True,0,inf,29.95,0.0,False,0.0,inf,,,,0.0,1.0,0.0,,,0.0,5.0,0.0,0.0,0.0,1.0,False,0.0,0.0,0,0,1,0,,,,,0,True,0.0,,,,
H2_turbine_gen_H2_1052,GB_H2,Z10,,H2_turbine,0.5,True,0,inf,12.572,0.0,False,0.0,inf,,,,0.0,1.0,0.0,,,0.0,5.0,0.0,0.0,0.0,1.0,False,0.0,0.0,0,0,1,0,,,,,0,True,0.0,,,,
H2_turbine_gen_H2_1053,GB_H2,Z10,,H2_turbine,0.5,True,0,inf,0.324,0.0,False,0.0,inf,,,,0.0,1.0,0.0,,,0.0,5.0,0.0,0.0,0.0,1.0,False,0.0,0.0,0,0,1,0,,,,,0,True,0.0,,,,
H2_turbine_gen_H2_1054,GB_H2,Z10,,H2_turbine,0.5,True,0,inf,1.081,0.0,False,0.0,inf,,,,0.0,1.0,0.0,,,0.0,5.0,0.0,0.0,0.0,1.0,False,0.0,0.0,0,0,1,0,,,,,0,True,0.0,,,,
H2_turbine_gen_H2_1055,GB_H2,Z10,,H2_turbine,0.5,True,0,inf,1.02,0.0,False,0.0,inf,,,,0.0,1.0,0.0,,,0.0,5.0,0.0,0.0,0.0,1.0,False,0.0,0.0,0,0,1,0,,,,,0,True,0.0,,,,
H2_turbine_gen_H2_1056,GB_H2,Z10,,H2_turbine,0.5,True,0,inf,3.384,0.0,False,0.0,inf,,,,0.0,1.0,0.0,,,0.0,5.0,0.0,0.0,0.0,1.0,False,0.0,0.0,0,0,1,0,,,,,0,True,0.0,,,,
H2_turbine_gen_H2_1057,GB_H2,Z10,,H2_turbine,0.5,True,0,inf,13.18,0.0,False,0.0,inf,,,,0.0,1.0,0.0,,,0.0,5.0,0.0,0.0,0.0,1.0,False,0.0,0.0,0,0,1,0,,,,,0,True,0.0,,,,
H2_turbine_gen_H2_1058,GB_H2,Z10,,H2_turbine,0.5,True,0,inf,4.541,0.0,False,0.0,inf,,,,0.0,1.0,0.0,,,0.0,5.0,0.0,0.0,0.0,1.0,False,0.0,0.0,0,0,1,0,,,,,0,True,0.0,,,,
H2_turbine_gen_H2_1059,GB_H2,Z10,,H2_turbine,0.5,True,0,inf,2.788,0.0,False,0.0,inf,,,,0.0,1.0,0.0,,,0.0,5.0,0.0,0.0,0.0,1.0,False,0.0,0.0,0,0,1,0,,,,,0,True,0.0,,,,
H2_turbine_gen_H2_1060,GB_H2,Z10,,H2_turbine,0.5,True,0,inf,1.608,0.0,False,0.0,inf,,,,0.0,1.0,0.0,,,0.0,5.0,0.0,0.0,0.0,1.0,False,0.0,0.0,0,0,1,0,,,,,0,True,0.0,,,,
H2_turbine_gen_H2_1061,GB_H2,Z10,,H2_turbine,0.5,True,0,inf,9.093,0.0,False,0.0,inf,,,,0.0,1.0,0.0,,,0.0,5.0,0.0,0.0,0.0,1.0,False,0.0,0.0,0,0,1,0,,,,,0,True,0.0,,,,
H2_turbine_gen_H2_1062,GB_H2,Z10,,H2_turbine,0.5,True,0,inf,1.868,0.0,False,0.0,inf,,,,0.0,1.0,0.0,,,0.0,5.0,0.0,0.0,0.0,1.0,False,0.0,0.0,0,0,1,0,,,,,0,True,0.0,,,,
H2_turbine_gen_H2_1063,GB_H2,Z10,,H2_turbine,0.5,True,0,inf,0.491,0.0,False,0.0,inf,,,,0.0,1.0,0.0,,,0.0,5.0,0.0,0.0,0.0,1.0,False,0.0,0.0,0,0,1,0,,,,,0,True,0.0,,,,
H2_turbine_gen_H2_1064,GB_H2,Z10,,H2_turbine,0.5,True,0,inf,0.747,0.0,False,0.0,inf,,,,0.0,1.0,0.0,,,0.0,5.0,0.0,0.0,0.0,1.0,False,0.0,0.0,0,0,1,0,,,,,0,True,0.0,,,,
H2_turbine_gen_H2_1065,GB_H2,Z10,,H2_turbine,0.5,True,0,inf,26.299,0.0,False,0.0,inf,,,,0.0,1.0,0.0,,,0.0,5.0,0.0,0.0,0.0,1.0,False,0.0,0.0,0,0,1,0,,,,,0,True,0.0,,,,
H2_turbine_gen_H2_1066,GB_H2,Z10,,H2_turbine,0.5,True,0,inf,3.705,0.0,False,0.0,inf,,,,0.0,1.0,0.0,,,0.0,5.0,0.0,0.0,0.0,1.0,False,0.0,0.0,0,0,1,0,,,,,0,True,0.0,,,,
H2_turbine_gen_H2_1067,GB_H2,Z10,,H2_turbine,0.5,True,0,inf,12.366,0.0,False,0.0,inf,,,,0.0,1.0,0.0,,,0.0,5.0,0.0,0.0,0.0,1.0,False,0.0,0.0,0,0,1,0,,,,,0,True,0.0,,,,
H2_turbine_gen_H2_1068,GB_H2,Z10,,H2_turbine,0.5,True,0,inf,6.165,0.0,False,0.0,inf,,,,0.0,1.0,0.0,,,0.0,5.0,0.0,0.0,0.0,1.0,False,0.0,0.0,0,0,1,0,,,,,0,True,0.0,,,,
H2_turbine_gen_H2_1069,GB_H2,Z10,,H2_turbine,0.5,True,0,inf,1.464,0.0,False,0.0,inf,,,,0.0,1.0,0.0,,,0.0,5.0,0.0,0.0,0.0,1.0,False,0.0,0.0,0,0,1,0,,,,,0,True,0.0,,,,
H2_turbine_gen_H2_1070,GB_H2,Z10,,H2_turbine,0.5,True,0,inf,5.27,0.0,False,0.0,inf,,,,0.0,1.0,0.0,,,0.0,5.0,0.0,0.0,0.0,1.0,False,0.0,0.0,0,0,1,0,,,,,0,True,0.0,,,,
H2_turbine_gen_H2_1071,GB_H2,Z10,,H2_turbine,0.5,True,0,inf,0.737,0.0,False,0.0,inf,,,,0.0,1.0,0.0,,,0.0,5.0,0.0,0.0,0.0,1.0,False,0.0,0.0,0,0,1,0,,,,,0,True,0.0,,,,
H2_turbine_gen_H2_1072,GB_H2,Z10,,H2_turbine,0.5,True,0,inf,40.534,0.0,False,0.0,inf,,,,0.0,1.0,0.0,,,0.0,5.0,0.0,0.0,0.0,1.0,False,0.0,0.0,0,0,1,0,,,,,0,True,0.0,,,,
H2_turbine_gen_H2_1073,GB_H2,Z10,,H2_turbine,0.5,True,0,inf,0.001,0.0,False,0.0,inf,,,,0.0,1.0,0.0,,,0.0,5.0,0.0,0.0,0.0,1.0,False,0.0,0.0,0,0,1,0,,,,,0,True,0.0,,,,
H2_turbine_gen_H2_1074,GB_H2,Z10,,H2_turbine,0.5,True,0,inf,3.246,0.0,False,0.0,inf,,,,0.0,1.0,0.0,,,0.0,5.0,0.0,0.0,0.0,1.0,False,0.0,0.0,0,0,1,0,,,,,0,True,0.0,,,,
H2_turbine_gen_H2_1075,GB_H2,Z10,,H2_turbine,0.5,True,0,inf,26.466,0.0,False,0.0,inf,,,,0.0,1.0,0.0,,,0.0,5.0,0.0,0.0,0.0,1.0,False,0.0,0.0,0,0,1,0,,,,,0,True,0.0,,,,
H2_turbine_gen_H2_1076,GB_H2,Z10,,H2_turbine,0.5,True,0,inf,19.442,0.0,False,0.0,inf,,,,0.0,1.0,0.0,,,0.0,5.0,0.0,0.0,0.0,1.0,False,0.0,0.0,0,0,1,0,,,,,0,True,0.0,,,,
H2_turbine_gen_H2_1077,GB_H2,Z10,,H2_turbine,0.5,True,0,inf,0.596,0.0,False,0.0,inf,,,,0.0,1.0,0.0,,,0.0,5.0,0.0,0.0,0.0,1.0,False,0.0,0.0,0,0,1,0,,,,,0,True,0.0,,,,
H2_turbine_gen_H2_1078,GB_H2,Z10,,H2_turbine,0.5,True,0,inf,54.579,0.0,False,0.0,inf,,,,0.0,1.0,0.0,,,0.0,5.0,0.0,0.0,0.0,1.0,False,0.0,0.0,0,0,1,0,,,,,0,True,0.0,,,,
H2_turbine_gen_H2_1079,GB_H2,Z10,,H2_turbine,0.5,True,0,inf,0.731,0.0,False,0.0,inf,,,,0.0,1.0,0.0,,,0.0,5.0,0.0,0.0,0.0,1.0,False,0.0,0.0,0,0,1,0,,,,,0,True,0.0,,,,
H2_turbine_gen_H2_1080,GB_H2,Z10,,H2_turbine,0.5,True,0,inf,29.07,0.0,False,0.0,inf,,,,0.0,1.0,0.0,,,0.0,5.0,0.0,0.0,0.0,1.0,False,0.0,0.0,0,0,1,0,,,,,0,True,0.0,,,,
H2_turbine_gen_H2_1081,GB_H2,Z10,,H2_turbine,0.5,True,0,inf,12.759,0.0,False,0.0,inf,,,,0.0,1.0,0.0,,,0.0,5.0,0.0,0.0,0.0,1.0,False,0.0,0.0,0,0,1,0,,,,,0,True,0.0,,,,
H2_turbine_gen_H2_1082,GB_H2,Z10,,H2_turbine,0.5,True,0,inf,29.264,0.0,False,0.0,inf,,,,0.0,1.0,0.0,,,0.0,5.0,0.0,0.0,0.0,1.0,False,0.0,0.0,0,0,1,0,,,,,0,True,0.0,,,,
H2_turbine_gen_H2_1083,GB_H2,Z10,,H2_turbine,0.5,True,0,inf,2.431,0.0,False,0.0,inf,,,,0.0,1.0,0.0,,,0.0,5.0,0.0,0.0,0.0,1.0,False,0.0,0.0,0,0,1,0,,,,,0,True,0.0,,,,
H2_turbine_gen_H2_1084,GB_H2,Z10,,H2_turbine,0.5,True,0,inf,14.292,0.0,False,0.0,inf,,,,0.0,1.0,0.0,,,0.0,5.0,0.0,0.0,0.0,1.0,False,0.0,0.0,0,0,1,0,,,,,0,True,0.0,,,,
H2_turbine_gen_H2_1085,GB_H2,Z10,,H2_turbine,0.5,True,0,inf,1.994,0.0,False,0.0,inf,,,,0.0,1.0,0.0,,,0.0,5.0,0.0,0.0,0.0,1.0,False,0.0,0.0,0,0,1,0,,,,,0,True,0.0,,,,
H2_turbine_gen_H2_1086,GB_H2,Z10,,H2_turbine,0.5,True,0,inf,253.174,0.0,False,0.0,inf,,,,0.0,1.0,0.0,,,0.0,5.0,0.0,0.0,0.0,1.0,False,0.0,0.0,0,0,1,0,,,,,0,True,0.0,,,,
H2_turbine_gen_H2_1087,GB_H2,Z10,,H2_turbine,0.5,True,0,inf,1.171,0.0,False,0.0,inf,,,,0.0,1.0,0.0,,,0.0,5.0,0.0,0.0,0.0,1.0,False,0.0,0.0,0,0,1,0,,,,,0,True,0.0,,,,
H2_turbine_gen_H2_1088,GB_H2,Z10,,H2_turbine,0.5,True,0,inf,18.834,0.0,False,0.0,inf,,,,0.0,1.0,0.0,,,0.0,5.0,0.0,0.0,0.0,1.0,False,0.0,0.0,0,0,1,0,,,,,0,True,0.0,,,,
H2_turbine_gen_H2_1089,GB_H2,Z10,,H2_turbine,0.5,True,0,inf,0.362,0.0,False,0.0,inf,,,,0.0,1.0,0.0,,,0.0,5.0,0.0,0.0,0.0,1.0,False,0.0,0.0,0,0,1,0,,,,,0,True,0.0,,,,
H2_turbine_gen_H2_1090,GB_H2,Z10,,H2_turbine,0.5,True,0,inf,0.236,0.0,False,0.0,inf,,,,0.0,1.0,0.0,,,0.0,5.0,0.0,0.0,0.0,1.0,False,0.0,0.0,0,0,1,0,,,,,0,True,0.0,,,,
H2_turbine_gen_H2_1091,GB_H2,Z10,,H2_turbine,0.5,True,0,inf,23.32,0.0,False,0.0,inf,,,,0.0,1.0,0.0,,,0.0,5.0,0.0,0.0,0.0,1.0,False,0.0,0.0,0,0,1,0,,,,,0,True,0.0,,,,
H2_turbine_gen_H2_1092,GB_H2,Z10,,H2_turbine,0.5,True,0,inf,9.13,0.0,False,0.0,inf,,,,0.0,1.0,0.0,,,0.0,5.0,0.0,0.0,0.0,1.0,False,0.0,0.0,0,0,1,0,,,,,0,True,0.0,,,,
H2_turbine_gen_H2_1093,GB_H2,Z10,,H2_turbine,0.5,True,0,inf,94.052,0.0,False,0.0,inf,,,,0.0,1.0,0.0,,,0.0,5.0,0.0,0.0,0.0,1.0,False,0.0,0.0,0,0,1,0,,,,,0,True,0.0,,,,
H2_turbine_gen_H2_1094,GB_H2,Z10,,H2_turbine,0.5,True,0,inf,56.53,0.0,False,0.0,inf,,,,0.0,1.0,0.0,,,0.0,5.0,0.0,0.0,0.0,1.0,False,0.0,0.0,0,0,1,0,,,,,0,True,0.0,,,,
H2_turbine_gen_H2_1095,GB_H2,Z10,,H2_turbine,0.5,True,0,inf,18.134,0.0,False,0.0,inf,,,,0.0,1.0,0.0,,,0.0,5.0,0.0,0.0,0.0,1.0,False,0.0,0.0,0,0,1,0,,,,,0,True,0.0,,,,
H2_turbine_gen_H2_1096,GB_H2,Z10,,H2_turbine,0.5,True,0,inf,9.916,0.0,False,0.0,inf,,,,0.0,1.0,0.0,,,0.0,5.0,0.0,0.0,0.0,1.0,False,0.0,0.0,0,0,1,0,,,,,0,True,0.0,,,,
H2_turbine_gen_H2_1097,GB_H2,Z10,,H2_turbine,0.5,True,0,inf,10.17,0.0,False,0.0,inf,,,,0.0,1.0,0.0,,,0.0,5.0,0.0,0.0,0.0,1.0,False,0.0,0.0,0,0,1,0,,,,,0,True,0.0,,,,
H2_turbine_gen_H2_1098,GB_H2,Z10,,H2_turbine,0.5,True,0,inf,74.954,0.0,False,0.0,inf,,,,0.0,1.0,0.0,,,0.0,5.0,0.0,0.0,0.0,1.0,False,0.0,0.0,0,0,1,0,,,,,0,True,0.0,,,,
H2_turbine_gen_H2_1099,GB_H2,Z10,,H2_turbine,0.5,True,0,inf,96.63,0.0,False,0.0,inf,,,,0.0,1.0,0.0,,,0.0,5.0,0.0,0.0,0.0,1.0,False,0.0,0.0,0,0,1,0,,,,,0,True,0.0,,,,
H2_turbine_gen_H2_1100,GB_H2,Z10,,H2_turbine,0.5,True,0,inf,7.588,0.0,False,0.0,inf,,,,0.0,1.0,0.0,,,0.0,5.0,0.0,0.0,0.0,1.0,False,0.0,0.0,0,0,1,0,,,,,0,True,0.0,,,,
H2_turbine_gen_H2_1101,GB_H2,Z10,,H2_turbine,0.5,True,0,inf,0.037,0.0,False,0.0,inf,,,,0.0,1.0,0.0,,,0.0,5.0,0.0,0.0,0.0,1.0,False,0.0,0.0,0,0,1,0,,,,,0,True,0.0,,,,
H2_turbine_gen_H2_1102,GB_H2,Z10,,H2_turbine,0.5,True,0,inf,21.168,0.0,False,0.0,inf,,,,0.0,1.0,0.0,,,0.0,5.0,0.0,0.0,0.0,1.0,False,0.0,0.0,0,0,1,0,,,,,0,True,0.0,,,,
H2_turbine_gen_H2_1103,GB_H2,Z10,,H2_turbine,0.5,True,0,inf,2.81,0.0,False,0.0,inf,,,,0.0,1.0,0.0,,,0.0,5.0,0.0,0.0,0.0,1.0,False,0.0,0.0,0,0,1,0,,,,,0,True,0.0,,,,
H2_turbine_gen_H2_1104,GB_H2,Z10,,H2_turbine,0.5,True,0,inf,27.68,0.0,False,0.0,inf,,,,0.0,1.0,0.0,,,0.0,5.0,0.0,0.0,0.0,1.0,False,0.0,0.0,0,0,1,0,,,,,0,True,0.0,,,,
H2_turbine_gen_H2_1105,GB_H2,Z10,,H2_turbine,0.5,True,0,inf,0.366,0.0,False,0.0,inf,,,,0.0,1.0,0.0,,,0.0,5.0,0.0,0.0,0.0,1.0,False,0.0,0.0,0,0,1,0,,,,,0,True,0.0,,,,
H2_turbine_gen_H2_1106,GB_H2,Z10,,H2_turbine,0.5,True,0,inf,1.732,0.0,False,0.0,inf,,,,0.0,1.0,0.0,,,0.0,5.0,0.0,0.0,0.0,1.0,False,0.0,0.0,0,0,1,0,,,,,0,True,0.0,,,,
H2_turbine_gen_H2_1107,GB_H2,Z10,,H2_turbine,0.5,True,0,inf,27.972,0.0,False,0.0,inf,,,,0.0,1.0,0.0,,,0.0,5.0,0.0,0.0,0.0,1.0,False,0.0,0.0,0,0,1,0,,,,,0,True,0.0,,,,
H2_turbine_gen_H2_1108,GB_H2,Z10,,H2_turbine,0.5,True,0,inf,53.71,0.0,False,0.0,inf,,,,0.0,1.0,0.0,,,0.0,5.0,0.0,0.0,0.0,1.0,False,0.0,0.0,0,0,1,0,,,,,0,True,0.0,,,,
H2_turbine_gen_H2_1109,GB_H2,Z10,,H2_turbine,0.5,True,0,inf,0.103,0.0,False,0.0,inf,,,,0.0,1.0,0.0,,,0.0,5.0,0.0,0.0,0.0,1.0,False,0.0,0.0,0,0,1,0,,,,,0,True,0.0,,,,
H2_turbine_gen_H2_1110,GB_H2,Z10,,H2_turbine,0.5,True,0,inf,0.086,0.0,False,0.0,inf,,,,0.0,1.0,0.0,,,0.0,5.0,0.0,0.0,0.0,1.0,False,0.0,0.0,0,0,1,0,,,,,0,True,0.0,,,,
H2_turbine_gen_H2_1111,GB_H2,Z10,,H2_turbine,0.5,True,0,inf,0.389,0.0,False,0.0,inf,,,,0.0,1.0,0.0,,,0.0,5.0,0.0,0.0,0.0,1.0,False,0.0,0.0,0,0,1,0,,,,,0,True,0.0,,,,
H2_turbine_gen_H2_1112,GB_H2,Z10,,H2_turbine,0.5,True,0,inf,0.325,0.0,False,0.0,inf,,,,0.0,1.0,0.0,,,0.0,5.0,0.0,0.0,0.0,1.0,False,0.0,0.0,0,0,1,0,,,,,0,True,0.0,,,,
H2_turbine_gen_H2_1113,GB_H2,Z10,,H2_turbine,0.5,True,0,inf,0.342,0.0,False,0.0,inf,,,,0.0,1.0,0.0,,,0.0,5.0,0.0,0.0,0.0,1.0,False,0.0,0.0,0,0,1,0,,,,,0,True,0.0,,,,
H2_turbine_gen_H2_1114,GB_H2,Z10,,H2_turbine,0.5,True,0,inf,0.053,0.0,False,0.0,inf,,,,0.0,1.0,0.0,,,0.0,5.0,0.0,0.0,0.0,1.0,False,0.0,0.0,0,0,1,0,,,,,0,True,0.0,,,,
H2_turbine_gen_H2_1115,GB_H2,Z10,,H2_turbine,0.5,True,0,inf,13.001,0.0,False,0.0,inf,,,,0.0,1.0,0.0,,,0.0,5.0,0.0,0.0,0.0,1.0,False,0.0,0.0,0,0,1,0,,,,,0,True,0.0,,,,
H2_turbine_gen_H2_1116,GB_H2,Z10,,H2_turbine,0.5,True,0,inf,0.127,0.0,False,0.0,inf,,,,0.0,1.0,0.0,,,0.0,5.0,0.0,0.0,0.0,1.0,False,0.0,0.0,0,0,1,0,,,,,0,True,0.0,,,,
H2_turbine_gen_H2_1117,GB_H2,Z10,,H2_turbine,0.5,True,0,inf,0.244,0.0,False,0.0,inf,,,,0.0,1.0,0.0,,,0.0,5.0,0.0,0.0,0.0,1.0,False,0.0,0.0,0,0,1,0,,,,,0,True,0.0,,,,
H2_turbine_gen_H2_1118,GB_H2,Z10,,H2_turbine,0.5,True,0,inf,0.2,0.0,False,0.0,inf,,,,0.0,1.0,0.0,,,0.0,5.0,0.0,0.0,0.0,1.0,False,0.0,0.0,0,0,1,0,,,,,0,True,0.0,,,,
H2_turbine_gen_H2_1119,GB_H2,Z10,,H2_turbine,0.5,True,0,inf,0.2,0.0,False,0.0,inf,,,,0.0,1.0,0.0,,,0.0,5.0,0.0,0.0,0.0,1.0,False,0.0,0.0,0,0,1,0,,,,,0,True,0.0,,,,
H2_turbine_gen_H2_1120,GB_H2,Z10,,H2_turbine,0.5,True,0,inf,0.2,0.0,False,0.0,inf,,,,0.0,1.0,0.0,,,0.0,5.0,0.0,0.0,0.0,1.0,False,0.0,0.0,0,0,1,0,,,,,0,True,0.0,,,,
H2_turbine_gen_H2_1121,GB_H2,Z10,,H2_turbine,0.5,True,0,inf,0.045,0.0,False,0.0,inf,,,,0.0,1.0,0.0,,,0.0,5.0,0.0,0.0,0.0,1.0,False,0.0,0.0,0,0,1,0,,,,,0,True,0.0,,,,
H2_turbine_gen_H2_1122,GB_H2,Z10,,H2_turbine,0.5,True,0,inf,0.022,0.0,False,0.0,inf,,,,0.0,1.0,0.0,,,0.0,5.0,0.0,0.0,0.0,1.0,False,0.0,0.0,0,0,1,0,,,,,0,True,0.0,,,,
H2_turbine_gen_H2_1123,GB_H2,Z10,,H2_turbine,0.5,True,0,inf,0.633,0.0,False,0.0,inf,,,,0.0,1.0,0.0,,,0.0,5.0,0.0,0.0,0.0,1.0,False,0.0,0.0,0,0,1,0,,,,,0,True,0.0,,,,
H2_turbine_gen_H2_1124,GB_H2,Z10,,H2_turbine,0.5,True,0,inf,0.499,0.0,False,0.0,inf,,,,0.0,1.0,0.0,,,0.0,5.0,0.0,0.0,0.0,1.0,False,0.0,0.0,0,0,1,0,,,,,0,True,0.0,,,,
H2_turbine_gen_H2_1125,GB_H2,Z10,,H2_turbine,0.5,True,0,inf,0.168,0.0,False,0.0,inf,,,,0.0,1.0,0.0,,,0.0,5.0,0.0,0.0,0.0,1.0,False,0.0,0.0,0,0,1,0,,,,,0,True,0.0,,,,
H2_turbine_gen_H2_1126,GB_H2,Z10,,H2_turbine,0.5,True,0,inf,0.067,0.0,False,0.0,inf,,,,0.0,1.0,0.0,,,0.0,5.0,0.0,0.0,0.0,1.0,False,0.0,0.0,0,0,1,0,,,,,0,True,0.0,,,,
H2_turbine_gen_H2_1127,GB_H2,Z10,,H2_turbine,0.5,True,0,inf,0.508,0.0,False,0.0,inf,,,,0.0,1.0,0.0,,,0.0,5.0,0.0,0.0,0.0,1.0,False,0.0,0.0,0,0,1,0,,,,,0,True,0.0,,,,
H2_turbine_gen_H2_1128,GB_H2,Z10,,H2_turbine,0.5,True,0,inf,0.394,0.0,False,0.0,inf,,,,0.0,1.0,0.0,,,0.0,5.0,0.0,0.0,0.0,1.0,False,0.0,0.0,0,0,1,0,,,,,0,True,0.0,,,,
H2_turbine_gen_H2_1129,GB_H2,Z10,,H2_turbine,0.5,True,0,inf,4.471,0.0,False,0.0,inf,,,,0.0,1.0,0.0,,,0.0,5.0,0.0,0.0,0.0,1.0,False,0.0,0.0,0,0,1,0,,,,,0,True,0.0,,,,
H2_turbine_gen_H2_1130,GB_H2,Z10,,H2_turbine,0.5,True,0,inf,3.616,0.0,False,0.0,inf,,,,0.0,1.0,0.0,,,0.0,5.0,0.0,0.0,0.0,1.0,False,0.0,0.0,0,0,1,0,,,,,0,True,0.0,,,,
H2_turbine_gen_H2_1131,GB_H2,Z10,,H2_turbine,0.5,True,0,inf,0.001,0.0,False,0.0,inf,,,,0.0,1.0,0.0,,,0.0,5.0,0.0,0.0,0.0,1.0,False,0.0,0.0,0,0,1,0,,,,,0,True,0.0,,,,
H2_turbine_gen_H2_1132,GB_H2,Z10,,H2_turbine,0.5,True,0,inf,2.833,0.0,False,0.0,inf,,,,0.0,1.0,0.0,,,0.0,5.0,0.0,0.0,0.0,1.0,False,0.0,0.0,0,0,1,0,,,,,0,True,0.0,,,,
H2_turbine_gen_H2_1133,GB_H2,Z10,,H2_turbine,0.5,True,0,inf,0.306,0.0,False,0.0,inf,,,,0.0,1.0,0.0,,,0.0,5.0,0.0,0.0,0.0,1.0,False,0.0,0.0,0,0,1,0,,,,,0,True,0.0,,,,
H2_turbine_gen_H2_1134,GB_H2,Z10,,H2_turbine,0.5,True,0,inf,0.057,0.0,False,0.0,inf,,,,0.0,1.0,0.0,,,0.0,5.0,0.0,0.0,0.0,1.0,False,0.0,0.0,0,0,1,0,,,,,0,True,0.0,,,,
H2_turbine_gen_H2_1135,GB_H2,Z10,,H2_turbine,0.5,True,0,inf,0.813,0.0,False,0.0,inf,,,,0.0,1.0,0.0,,,0.0,5.0,0.0,0.0,0.0,1.0,False,0.0,0.0,0,0,1,0,,,,,0,True,0.0,,,,
H2_turbine_gen_H2_1136,GB_H2,Z10,,H2_turbine,0.5,True,0,inf,0.813,0.0,False,0.0,inf,,,,0.0,1.0,0.0,,,0.0,5.0,0.0,0.0,0.0,1.0,False,0.0,0.0,0,0,1,0,,,,,0,True,0.0,,,,
H2_turbine_gen_H2_1137,GB_H2,Z10,,H2_turbine,0.5,True,0,inf,3.039,0.0,False,0.0,inf,,,,0.0,1.0,0.0,,,0.0,5.0,0.0,0.0,0.0,1.0,False,0.0,0.0,0,0,1,0,,,,,0,True,0.0,,,,
H2_turbine_gen_H2_1138,GB_H2,Z10,,H2_turbine,0.5,True,0,inf,0.194,0.0,False,0.0,inf,,,,0.0,1.0,0.0,,,0.0,5.0,0.0,0.0,0.0,1.0,False,0.0,0.0,0,0,1,0,,,,,0,True,0.0,,,,
H2_turbine_gen_H2_1139,GB_H2,Z10,,H2_turbine,0.5,True,0,inf,0.143,0.0,False,0.0,inf,,,,0.0,1.0,0.0,,,0.0,5.0,0.0,0.0,0.0,1.0,False,0.0,0.0,0,0,1,0,,,,,0,True,0.0,,,,
H2_turbine_gen_H2_1140,GB_H2,Z10,,H2_turbine,0.5,True,0,inf,0.155,0.0,False,0.0,inf,,,,0.0,1.0,0.0,,,0.0,5.0,0.0,0.0,0.0,1.0,False,0.0,0.0,0,0,1,0,,,,,0,True,0.0,,,,
H2_turbine_gen_H2_1141,GB_H2,Z10,,H2_turbine,0.5,True,0,inf,0.001,0.0,False,0.0,inf,,,,0.0,1.0,0.0,,,0.0,5.0,0.0,0.0,0.0,1.0,False,0.0,0.0,0,0,1,0,,,,,0,True,0.0,,,,
H2_turbine_gen_H2_1142,GB_H2,Z10,,H2_turbine,0.5,True,0,inf,4.407,0.0,False,0.0,inf,,,,0.0,1.0,0.0,,,0.0,5.0,0.0,0.0,0.0,1.0,False,0.0,0.0,0,0,1,0,,,,,0,True,0.0,,,,
H2_turbine_gen_H2_1143,GB_H2,Z10,,H2_turbine,0.5,True,0,inf,0.915,0.0,False,0.0,inf,,,,0.0,1.0,0.0,,,0.0,5.0,0.0,0.0,0.0,1.0,False,0.0,0.0,0,0,1,0,,,,,0,True,0.0,,,,
H2_turbine_gen_H2_1144,GB_H2,Z10,,H2_turbine,0.5,True,0,inf,59.146,0.0,False,0.0,inf,,,,0.0,1.0,0.0,,,0.0,5.0,0.0,0.0,0.0,1.0,False,0.0,0.0,0,0,1,0,,,,,0,True,0.0,,,,
H2_turbine_gen_H2_1145,GB_H2,Z10,,H2_turbine,0.5,True,0,inf,5.713,0.0,False,0.0,inf,,,,0.0,1.0,0.0,,,0.0,5.0,0.0,0.0,0.0,1.0,False,0.0,0.0,0,0,1,0,,,,,0,True,0.0,,,,
H2_turbine_gen_H2_1146,GB_H2,Z10,,H2_turbine,0.5,True,0,inf,25.756,0.0,False,0.0,inf,,,,0.0,1.0,0.0,,,0.0,5.0,0.0,0.0,0.0,1.0,False,0.0,0.0,0,0,1,0,,,,,0,True,0.0,,,,
H2_turbine_gen_H2_1147,GB_H2,Z10,,H2_turbine,0.5,True,0,inf,41.364,0.0,False,0.0,inf,,,,0.0,1.0,0.0,,,0.0,5.0,0.0,0.0,0.0,1.0,False,0.0,0.0,0,0,1,0,,,,,0,True,0.0,,,,
H2_turbine_gen_H2_1148,GB_H2,Z10,,H2_turbine,0.5,True,0,inf,0.6,0.0,False,0.0,inf,,,,0.0,1.0,0.0,,,0.0,5.0,0.0,0.0,0.0,1.0,False,0.0,0.0,0,0,1,0,,,,,0,True,0.0,,,,
H2_turbine_gen_H2_1149,GB_H2,Z10,,H2_turbine,0.5,True,0,inf,3.505,0.0,False,0.0,inf,,,,0.0,1.0,0.0,,,0.0,5.0,0.0,0.0,0.0,1.0,False,0.0,0.0,0,0,1,0,,,,,0,True,0.0,,,,
H2_turbine_gen_H2_1150,GB_H2,Z10,,H2_turbine,0.5,True,0,inf,17.454,0.0,False,0.0,inf,,,,0.0,1.0,0.0,,,0.0,5.0,0.0,0.0,0.0,1.0,False,0.0,0.0,0,0,1,0,,,,,0,True,0.0,,,,
H2_turbine_gen_H2_1151,GB_H2,Z10,,H2_turbine,0.5,True,0,inf,0.587,0.0,False,0.0,inf,,,,0.0,1.0,0.0,,,0.0,5.0,0.0,0.0,0.0,1.0,False,0.0,0.0,0,0,1,0,,,,,0,True,0.0,,,,
H2_turbine_gen_H2_1152,GB_H2,Z10,,H2_turbine,0.5,True,0,inf,17.122,0.0,False,0.0,inf,,,,0.0,1.0,0.0,,,0.0,5.0,0.0,0.0,0.0,1.0,False,0.0,0.0,0,0,1,0,,,,,0,True,0.0,,,,
H2_turbine_gen_H2_1153,GB_H2,Z10,,H2_turbine,0.5,True,0,inf,0.445,0.0,False,0.0,inf,,,,0.0,1.0,0.0,,,0.0,5.0,0.0,0.0,0.0,1.0,False,0.0,0.0,0,0,1,0,,,,,0,True,0.0,,,,
H2_turbine_gen_H2_1154,GB_H2,Z10,,H2_turbine,0.5,True,0,inf,0.027,0.0,False,0.0,inf,,,,0.0,1.0,0.0,,,0.0,5.0,0.0,0.0,0.0,1.0,False,0.0,0.0,0,0,1,0,,,,,0,True,0.0,,,,
H2_turbine_gen_H2_1155,GB_H2,Z10,,H2_turbine,0.5,True,0,inf,0.532,0.0,False,0.0,inf,,,,0.0,1.0,0.0,,,0.0,5.0,0.0,0.0,0.0,1.0,False,0.0,0.0,0,0,1,0,,,,,0,True,0.0,,,,
H2_turbine_gen_H2_1156,GB_H2,Z10,,H2_turbine,0.5,True,0,inf,0.08,0.0,False,0.0,inf,,,,0.0,1.0,0.0,,,0.0,5.0,0.0,0.0,0.0,1.0,False,0.0,0.0,0,0,1,0,,,,,0,True,0.0,,,,
H2_turbine_gen_H2_1157,GB_H2,Z10,,H2_turbine,0.5,True,0,inf,0.03,0.0,False,0.0,inf,,,,0.0,1.0,0.0,,,0.0,5.0,0.0,0.0,0.0,1.0,False,0.0,0.0,0,0,1,0,,,,,0,True,0.0,,,,
H2_turbine_gen_H2_1158,GB_H2,Z10,,H2_turbine,0.5,True,0,inf,0.05,0.0,False,0.0,inf,,,,0.0,1.0,0.0,,,0.0,5.0,0.0,0.0,0.0,1.0,False,0.0,0.0,0,0,1,0,,,,,0,True,0.0,,,,
H2_turbine_gen_H2_1159,GB_H2,Z10,,H2_turbine,0.5,True,0,inf,0.29,0.0,False,0.0,inf,,,,0.0,1.0,0.0,,,0.0,5.0,0.0,0.0,0.0,1.0,False,0.0,0.0,0,0,1,0,,,,,0,True,0.0,,,,
H2_turbine_gen_H2_1160,GB_H2,Z10,,H2_turbine,0.5,True,0,inf,7.288,0.0,False,0.0,inf,,,,0.0,1.0,0.0,,,0.0,5.0,0.0,0.0,0.0,1.0,False,0.0,0.0,0,0,1,0,,,,,0,True,0.0,,,,
H2_turbine_gen_H2_1161,GB_H2,Z10,,H2_turbine,0.5,True,0,inf,0.123,0.0,False,0.0,inf,,,,0.0,1.0,0.0,,,0.0,5.0,0.0,0.0,0.0,1.0,False,0.0,0.0,0,0,1,0,,,,,0,True,0.0,,,,
H2_turbine_gen_H2_1162,GB_H2,Z10,,H2_turbine,0.5,True,0,inf,0.066,0.0,False,0.0,inf,,,,0.0,1.0,0.0,,,0.0,5.0,0.0,0.0,0.0,1.0,False,0.0,0.0,0,0,1,0,,,,,0,True,0.0,,,,
H2_turbine_gen_H2_1163,GB_H2,Z10,,H2_turbine,0.5,True,0,inf,0.434,0.0,False,0.0,inf,,,,0.0,1.0,0.0,,,0.0,5.0,0.0,0.0,0.0,1.0,False,0.0,0.0,0,0,1,0,,,,,0,True,0.0,,,,
H2_turbine_gen_H2_1164,GB_H2,Z10,,H2_turbine,0.5,True,0,inf,0.42,0.0,False,0.0,inf,,,,0.0,1.0,0.0,,,0.0,5.0,0.0,0.0,0.0,1.0,False,0.0,0.0,0,0,1,0,,,,,0,True,0.0,,,,
H2_turbine_gen_H2_1165,GB_H2,Z10,,H2_turbine,0.5,True,0,inf,0.048,0.0,False,0.0,inf,,,,0.0,1.0,0.0,,,0.0,5.0,0.0,0.0,0.0,1.0,False,0.0,0.0,0,0,1,0,,,,,0,True,0.0,,,,
H2_turbine_gen_H2_1166,GB_H2,Z10,,H2_turbine,0.5,True,0,inf,0.076,0.0,False,0.0,inf,,,,0.0,1.0,0.0,,,0.0,5.0,0.0,0.0,0.0,1.0,False,0.0,0.0,0,0,1,0,,,,,0,True,0.0,,,,
H2_turbine_gen_H2_1167,GB_H2,Z10,,H2_turbine,0.5,True,0,inf,0.331,0.0,False,0.0,inf,,,,0.0,1.0,0.0,,,0.0,5.0,0.0,0.0,0.0,1.0,False,0.0,0.0,0,0,1,0,,,,,0,True,0.0,,,,
H2_turbine_gen_H2_1168,GB_H2,Z10,,H2_turbine,0.5,True,0,inf,0.234,0.0,False,0.0,inf,,,,0.0,1.0,0.0,,,0.0,5.0,0.0,0.0,0.0,1.0,False,0.0,0.0,0,0,1,0,,,,,0,True,0.0,,,,
H2_turbine_gen_H2_1169,GB_H2,Z10,,H2_turbine,0.5,True,0,inf,0.018,0.0,False,0.0,inf,,,,0.0,1.0,0.0,,,0.0,5.0,0.0,0.0,0.0,1.0,False,0.0,0.0,0,0,1,0,,,,,0,True,0.0,,,,
H2_turbine_gen_H2_1170,GB_H2,Z10,,H2_turbine,0.5,True,0,inf,0.018,0.0,False,0.0,inf,,,,0.0,1.0,0.0,,,0.0,5.0,0.0,0.0,0.0,1.0,False,0.0,0.0,0,0,1,0,,,,,0,True,0.0,,,,
H2_turbine_gen_H2_1171,GB_H2,Z10,,H2_turbine,0.5,True,0,inf,0.192,0.0,False,0.0,inf,,,,0.0,1.0,0.0,,,0.0,5.0,0.0,0.0,0.0,1.0,False,0.0,0.0,0,0,1,0,,,,,0,True,0.0,,,,
H2_turbine_gen_H2_1172,GB_H2,Z10,,H2_turbine,0.5,True,0,inf,0.283,0.0,False,0.0,inf,,,,0.0,1.0,0.0,,,0.0,5.0,0.0,0.0,0.0,1.0,False,0.0,0.0,0,0,1,0,,,,,0,True,0.0,,,,
H2_turbine_gen_H2_1173,GB_H2,Z10,,H2_turbine,0.5,True,0,inf,0.222,0.0,False,0.0,inf,,,,0.0,1.0,0.0,,,0.0,5.0,0.0,0.0,0.0,1.0,False,0.0,0.0,0,0,1,0,,,,,0,True,0.0,,,,
H2_turbine_gen_H2_1174,GB_H2,Z10,,H2_turbine,0.5,True,0,inf,0.108,0.0,False,0.0,inf,,,,0.0,1.0,0.0,,,0.0,5.0,0.0,0.0,0.0,1.0,False,0.0,0.0,0,0,1,0,,,,,0,True,0.0,,,,
H2_turbine_gen_H2_1175,GB_H2,Z10,,H2_turbine,0.5,True,0,inf,0.236,0.0,False,0.0,inf,,,,0.0,1.0,0.0,,,0.0,5.0,0.0,0.0,0.0,1.0,False,0.0,0.0,0,0,1,0,,,,,0,True,0.0,,,,
H2_turbine_gen_H2_1176,GB_H2,Z10,,H2_turbine,0.5,True,0,inf,0.066,0.0,False,0.0,inf,,,,0.0,1.0,0.0,,,0.0,5.0,0.0,0.0,0.0,1.0,False,0.0,0.0,0,0,1,0,,,,,0,True,0.0,,,,
H2_turbine_gen_H2_1177,GB_H2,Z10,,H2_turbine,0.5,True,0,inf,1.332,0.0,False,0.0,inf,,,,0.0,1.0,0.0,,,0.0,5.0,0.0,0.0,0.0,1.0,False,0.0,0.0,0,0,1,0,,,,,0,True,0.0,,,,
H2_turbine_gen_H2_1178,GB_H2,Z10,,H2_turbine,0.5,True,0,inf,0.079,0.0,False,0.0,inf,,,,0.0,1.0,0.0,,,0.0,5.0,0.0,0.0,0.0,1.0,False,0.0,0.0,0,0,1,0,,,,,0,True,0.0,,,,
H2_turbine_gen_H2_1179,GB_H2,Z10,,H2_turbine,0.5,True,0,inf,28.443,0.0,False,0.0,inf,,,,0.0,1.0,0.0,,,0.0,5.0,0.0,0.0,0.0,1.0,False,0.0,0.0,0,0,1,0,,,,,0,True,0.0,,,,
H2_turbine_gen_H2_1180,GB_H2,Z10,,H2_turbine,0.5,True,0,inf,0.555,0.0,False,0.0,inf,,,,0.0,1.0,0.0,,,0.0,5.0,0.0,0.0,0.0,1.0,False,0.0,0.0,0,0,1,0,,,,,0,True,0.0,,,,
H2_turbine_gen_H2_1181,GB_H2,Z10,,H2_turbine,0.5,True,0,inf,0.68,0.0,False,0.0,inf,,,,0.0,1.0,0.0,,,0.0,5.0,0.0,0.0,0.0,1.0,False,0.0,0.0,0,0,1,0,,,,,0,True,0.0,,,,
H2_turbine_gen_H2_1182,GB_H2,Z10,,H2_turbine,0.5,True,0,inf,0.275,0.0,False,0.0,inf,,,,0.0,1.0,0.0,,,0.0,5.0,0.0,0.0,0.0,1.0,False,0.0,0.0,0,0,1,0,,,,,0,True,0.0,,,,
H2_turbine_gen_H2_1183,GB_H2,Z10,,H2_turbine,0.5,True,0,inf,0.446,0.0,False,0.0,inf,,,,0.0,1.0,0.0,,,0.0,5.0,0.0,0.0,0.0,1.0,False,0.0,0.0,0,0,1,0,,,,,0,True,0.0,,,,
H2_turbine_gen_H2_1184,GB_H2,Z10,,H2_turbine,0.5,True,0,inf,15.991,0.0,False,0.0,inf,,,,0.0,1.0,0.0,,,0.0,5.0,0.0,0.0,0.0,1.0,False,0.0,0.0,0,0,1,0,,,,,0,True,0.0,,,,
H2_turbine_gen_H2_1185,GB_H2,Z10,,H2_turbine,0.5,True,0,inf,0.159,0.0,False,0.0,inf,,,,0.0,1.0,0.0,,,0.0,5.0,0.0,0.0,0.0,1.0,False,0.0,0.0,0,0,1,0,,,,,0,True,0.0,,,,
H2_turbine_gen_H2_1186,GB_H2,Z10,,H2_turbine,0.5,True,0,inf,0.108,0.0,False,0.0,inf,,,,0.0,1.0,0.0,,,0.0,5.0,0.0,0.0,0.0,1.0,False,0.0,0.0,0,0,1,0,,,,,0,True,0.0,,,,
H2_turbine_gen_H2_1187,GB_H2,Z10,,H2_turbine,0.5,True,0,inf,0.099,0.0,False,0.0,inf,,,,0.0,1.0,0.0,,,0.0,5.0,0.0,0.0,0.0,1.0,False,0.0,0.0,0,0,1,0,,,,,0,True,0.0,,,,
H2_turbine_gen_H2_1188,GB_H2,Z10,,H2_turbine,0.5,True,0,inf,18.503,0.0,False,0.0,inf,,,,0.0,1.0,0.0,,,0.0,5.0,0.0,0.0,0.0,1.0,False,0.0,0.0,0,0,1,0,,,,,0,True,0.0,,,,
H2_turbine_gen_H2_1189,GB_H2,Z10,,H2_turbine,0.5,True,0,inf,35.244,0.0,False,0.0,inf,,,,0.0,1.0,0.0,,,0.0,5.0,0.0,0.0,0.0,1.0,False,0.0,0.0,0,0,1,0,,,,,0,True,0.0,,,,
H2_turbine_gen_H2_1190,GB_H2,Z10,,H2_turbine,0.5,True,0,inf,27.049,0.0,False,0.0,inf,,,,0.0,1.0,0.0,,,0.0,5.0,0.0,0.0,0.0,1.0,False,0.0,0.0,0,0,1,0,,,,,0,True,0.0,,,,
H2_turbine_gen_H2_1191,GB_H2,Z10,,H2_turbine,0.5,True,0,inf,0.641,0.0,False,0.0,inf,,,,0.0,1.0,0.0,,,0.0,5.0,0.0,0.0,0.0,1.0,False,0.0,0.0,0,0,1,0,,,,,0,True,0.0,,,,
H2_turbine_gen_H2_1192,GB_H2,Z10,,H2_turbine,0.5,True,0,inf,5.026,0.0,False,0.0,inf,,,,0.0,1.0,0.0,,,0.0,5.0,0.0,0.0,0.0,1.0,False,0.0,0.0,0,0,1,0,,,,,0,True,0.0,,,,
H2_turbine_gen_H2_1193,GB_H2,Z10,,H2_turbine,0.5,True,0,inf,4.334,0.0,False,0.0,inf,,,,0.0,1.0,0.0,,,0.0,5.0,0.0,0.0,0.0,1.0,False,0.0,0.0,0,0,1,0,,,,,0,True,0.0,,,,
H2_turbine_gen_H2_1194,GB_H2,Z10,,H2_turbine,0.5,True,0,inf,6.097,0.0,False,0.0,inf,,,,0.0,1.0,0.0,,,0.0,5.0,0.0,0.0,0.0,1.0,False,0.0,0.0,0,0,1,0,,,,,0,True,0.0,,,,
H2_turbine_gen_H2_1195,GB_H2,Z10,,H2_turbine,0.5,True,0,inf,0.334,0.0,False,0.0,inf,,,,0.0,1.0,0.0,,,0.0,5.0,0.0,0.0,0.0,1.0,False,0.0,0.0,0,0,1,0,,,,,0,True,0.0,,,,
H2_turbine_gen_H2_1196,GB_H2,Z10,,H2_turbine,0.5,True,0,inf,0.175,0.0,False,0.0,inf,,,,0.0,1.0,0.0,,,0.0,5.0,0.0,0.0,0.0,1.0,False,0.0,0.0,0,0,1,0,,,,,0,True,0.0,,,,
H2_turbine_gen_H2_1197,GB_H2,Z10,,H2_turbine,0.5,True,0,inf,0.538,0.0,False,0.0,inf,,,,0.0,1.0,0.0,,,0.0,5.0,0.0,0.0,0.0,1.0,False,0.0,0.0,0,0,1,0,,,,,0,True,0.0,,,,
H2_turbine_gen_H2_1198,GB_H2,Z10,,H2_turbine,0.5,True,0,inf,0.001,0.0,False,0.0,inf,,,,0.0,1.0,0.0,,,0.0,5.0,0.0,0.0,0.0,1.0,False,0.0,0.0,0,0,1,0,,,,,0,True,0.0,,,,
H2_turbine_gen_H2_1199,GB_H2,Z10,,H2_turbine,0.5,True,0,inf,0.276,0.0,False,0.0,inf,,,,0.0,1.0,0.0,,,0.0,5.0,0.0,0.0,0.0,1.0,False,0.0,0.0,0,0,1,0,,,,,0,True,0.0,,,,
H2_turbine_gen_H2_1200,GB_H2,Z10,,H2_turbine,0.5,True,0,inf,8.178,0.0,False,0.0,inf,,,,0.0,1.0,0.0,,,0.0,5.0,0.0,0.0,0.0,1.0,False,0.0,0.0,0,0,1,0,,,,,0,True,0.0,,,,
H2_turbine_gen_H2_1201,GB_H2,Z10,,H2_turbine,0.5,True,0,inf,7.035,0.0,False,0.0,inf,,,,0.0,1.0,0.0,,,0.0,5.0,0.0,0.0,0.0,1.0,False,0.0,0.0,0,0,1,0,,,,,0,True,0.0,,,,
H2_turbine_gen_H2_1202,GB_H2,Z10,,H2_turbine,0.5,True,0,inf,15.162,0.0,False,0.0,inf,,,,0.0,1.0,0.0,,,0.0,5.0,0.0,0.0,0.0,1.0,False,0.0,0.0,0,0,1,0,,,,,0,True,0.0,,,,
H2_turbine_gen_H2_1203,GB_H2,Z10,,H2_turbine,0.5,True,0,inf,0.378,0.0,False,0.0,inf,,,,0.0,1.0,0.0,,,0.0,5.0,0.0,0.0,0.0,1.0,False,0.0,0.0,0,0,1,0,,,,,0,True,0.0,,,,
H2_turbine_gen_H2_1204,GB_H2,Z10,,H2_turbine,0.5,True,0,inf,12.098,0.0,False,0.0,inf,,,,0.0,1.0,0.0,,,0.0,5.0,0.0,0.0,0.0,1.0,False,0.0,0.0,0,0,1,0,,,,,0,True,0.0,,,,
H2_turbine_gen_H2_1205,GB_H2,Z10,,H2_turbine,0.5,True,0,inf,31.096,0.0,False,0.0,inf,,,,0.0,1.0,0.0,,,0.0,5.0,0.0,0.0,0.0,1.0,False,0.0,0.0,0,0,1,0,,,,,0,True,0.0,,,,
H2_turbine_gen_H2_1206,GB_H2,Z10,,H2_turbine,0.5,True,0,inf,0.047,0.0,False,0.0,inf,,,,0.0,1.0,0.0,,,0.0,5.0,0.0,0.0,0.0,1.0,False,0.0,0.0,0,0,1,0,,,,,0,True,0.0,,,,
H2_turbine_gen_H2_1207,GB_H2,Z10,,H2_turbine,0.5,True,0,inf,8.45,0.0,False,0.0,inf,,,,0.0,1.0,0.0,,,0.0,5.0,0.0,0.0,0.0,1.0,False,0.0,0.0,0,0,1,0,,,,,0,True,0.0,,,,
H2_turbine_gen_H2_1208,GB_H2,Z10,,H2_turbine,0.5,True,0,inf,24.666,0.0,False,0.0,inf,,,,0.0,1.0,0.0,,,0.0,5.0,0.0,0.0,0.0,1.0,False,0.0,0.0,0,0,1,0,,,,,0,True,0.0,,,,
H2_turbine_gen_H2_1209,GB_H2,Z10,,H2_turbine,0.5,True,0,inf,0.003,0.0,False,0.0,inf,,,,0.0,1.0,0.0,,,0.0,5.0,0.0,0.0,0.0,1.0,False,0.0,0.0,0,0,1,0,,,,,0,True,0.0,,,,
H2_turbine_gen_H2_1210,GB_H2,Z10,,H2_turbine,0.5,True,0,inf,1.103,0.0,False,0.0,inf,,,,0.0,1.0,0.0,,,0.0,5.0,0.0,0.0,0.0,1.0,False,0.0,0.0,0,0,1,0,,,,,0,True,0.0,,,,
H2_turbine_gen_H2_1211,GB_H2,Z10,,H2_turbine,0.5,True,0,inf,0.335,0.0,False,0.0,inf,,,,0.0,1.0,0.0,,,0.0,5.0,0.0,0.0,0.0,1.0,False,0.0,0.0,0,0,1,0,,,,,0,True,0.0,,,,
H2_turbine_gen_H2_1212,GB_H2,Z10,,H2_turbine,0.5,True,0,inf,8.01,0.0,False,0.0,inf,,,,0.0,1.0,0.0,,,0.0,5.0,0.0,0.0,0.0,1.0,False,0.0,0.0,0,0,1,0,,,,,0,True,0.0,,,,
H2_turbine_gen_H2_1213,GB_H2,Z10,,H2_turbine,0.5,True,0,inf,8.261,0.0,False,0.0,inf,,,,0.0,1.0,0.0,,,0.0,5.0,0.0,0.0,0.0,1.0,False,0.0,0.0,0,0,1,0,,,,,0,True,0.0,,,,
H2_turbine_gen_H2_1214,GB_H2,Z10,,H2_turbine,0.5,True,0,inf,1.532,0.0,False,0.0,inf,,,,0.0,1.0,0.0,,,0.0,5.0,0.0,0.0,0.0,1.0,False,0.0,0.0,0,0,1,0,,,,,0,True,0.0,,,,
H2_turbine_gen_H2_1215,GB_H2,Z10,,H2_turbine,0.5,True,0,inf,1.678,0.0,False,0.0,inf,,,,0.0,1.0,0.0,,,0.0,5.0,0.0,0.0,0.0,1.0,False,0.0,0.0,0,0,1,0,,,,,0,True,0.0,,,,
H2_turbine_gen_H2_1216,GB_H2,Z10,,H2_turbine,0.5,True,0,inf,2.88,0.0,False,0.0,inf,,,,0.0,1.0,0.0,,,0.0,5.0,0.0,0.0,0.0,1.0,False,0.0,0.0,0,0,1,0,,,,,0,True,0.0,,,,
H2_turbine_gen_H2_1217,GB_H2,Z10,,H2_turbine,0.5,True,0,inf,1.595,0.0,False,0.0,inf,,,,0.0,1.0,0.0,,,0.0,5.0,0.0,0.0,0.0,1.0,False,0.0,0.0,0,0,1,0,,,,,0,True,0.0,,,,
H2_turbine_gen_H2_1218,GB_H2,Z10,,H2_turbine,0.5,True,0,inf,19.141,0.0,False,0.0,inf,,,,0.0,1.0,0.0,,,0.0,5.0,0.0,0.0,0.0,1.0,False,0.0,0.0,0,0,1,0,,,,,0,True,0.0,,,,
H2_turbine_gen_H2_1219,GB_H2,Z10,,H2_turbine,0.5,True,0,inf,0.001,0.0,False,0.0,inf,,,,0.0,1.0,0.0,,,0.0,5.0,0.0,0.0,0.0,1.0,False,0.0,0.0,0,0,1,0,,,,,0,True,0.0,,,,
H2_turbine_gen_H2_1220,GB_H2,Z10,,H2_turbine,0.5,True,0,inf,15.715,0.0,False,0.0,inf,,,,0.0,1.0,0.0,,,0.0,5.0,0.0,0.0,0.0,1.0,False,0.0,0.0,0,0,1,0,,,,,0,True,0.0,,,,
H2_turbine_gen_H2_1221,GB_H2,Z10,,H2_turbine,0.5,True,0,inf,8.158,0.0,False,0.0,inf,,,,0.0,1.0,0.0,,,0.0,5.0,0.0,0.0,0.0,1.0,False,0.0,0.0,0,0,1,0,,,,,0,True,0.0,,,,
H2_turbine_gen_H2_1222,GB_H2,Z10,,H2_turbine,0.5,True,0,inf,0.213,0.0,False,0.0,inf,,,,0.0,1.0,0.0,,,0.0,5.0,0.0,0.0,0.0,1.0,False,0.0,0.0,0,0,1,0,,,,,0,True,0.0,,,,
H2_turbine_gen_H2_1223,GB_H2,Z10,,H2_turbine,0.5,True,0,inf,2.189,0.0,False,0.0,inf,,,,0.0,1.0,0.0,,,0.0,5.0,0.0,0.0,0.0,1.0,False,0.0,0.0,0,0,1,0,,,,,0,True,0.0,,,,
H2_turbine_gen_H2_1224,GB_H2,Z10,,H2_turbine,0.5,True,0,inf,11.191,0.0,False,0.0,inf,,,,0.0,1.0,0.0,,,0.0,5.0,0.0,0.0,0.0,1.0,False,0.0,0.0,0,0,1,0,,,,,0,True,0.0,,,,
H2_turbine_gen_H2_1225,GB_H2,Z10,,H2_turbine,0.5,True,0,inf,2.443,0.0,False,0.0,inf,,,,0.0,1.0,0.0,,,0.0,5.0,0.0,0.0,0.0,1.0,False,0.0,0.0,0,0,1,0,,,,,0,True,0.0,,,,
H2_turbine_gen_H2_1226,GB_H2,Z10,,H2_turbine,0.5,True,0,inf,6.197,0.0,False,0.0,inf,,,,0.0,1.0,0.0,,,0.0,5.0,0.0,0.0,0.0,1.0,False,0.0,0.0,0,0,1,0,,,,,0,True,0.0,,,,
H2_turbine_gen_H2_1227,GB_H2,Z10,,H2_turbine,0.5,True,0,inf,11.134,0.0,False,0.0,inf,,,,0.0,1.0,0.0,,,0.0,5.0,0.0,0.0,0.0,1.0,False,0.0,0.0,0,0,1,0,,,,,0,True,0.0,,,,
H2_turbine_gen_H2_1228,GB_H2,Z10,,H2_turbine,0.5,True,0,inf,0.258,0.0,False,0.0,inf,,,,0.0,1.0,0.0,,,0.0,5.0,0.0,0.0,0.0,1.0,False,0.0,0.0,0,0,1,0,,,,,0,True,0.0,,,,
H2_turbine_gen_H2_1229,GB_H2,Z10,,H2_turbine,0.5,True,0,inf,0.249,0.0,False,0.0,inf,,,,0.0,1.0,0.0,,,0.0,5.0,0.0,0.0,0.0,1.0,False,0.0,0.0,0,0,1,0,,,,,0,True,0.0,,,,
H2_turbine_gen_H2_1230,GB_H2,Z10,,H2_turbine,0.5,True,0,inf,4.05,0.0,False,0.0,inf,,,,0.0,1.0,0.0,,,0.0,5.0,0.0,0.0,0.0,1.0,False,0.0,0.0,0,0,1,0,,,,,0,True,0.0,,,,
H2_turbine_gen_H2_1231,GB_H2,Z10,,H2_turbine,0.5,True,0,inf,0.421,0.0,False,0.0,inf,,,,0.0,1.0,0.0,,,0.0,5.0,0.0,0.0,0.0,1.0,False,0.0,0.0,0,0,1,0,,,,,0,True,0.0,,,,
H2_turbine_gen_H2_1232,GB_H2,Z10,,H2_turbine,0.5,True,0,inf,9.188,0.0,False,0.0,inf,,,,0.0,1.0,0.0,,,0.0,5.0,0.0,0.0,0.0,1.0,False,0.0,0.0,0,0,1,0,,,,,0,True,0.0,,,,
H2_turbine_gen_H2_1233,GB_H2,Z10,,H2_turbine,0.5,True,0,inf,0.253,0.0,False,0.0,inf,,,,0.0,1.0,0.0,,,0.0,5.0,0.0,0.0,0.0,1.0,False,0.0,0.0,0,0,1,0,,,,,0,True,0.0,,,,
H2_turbine_gen_H2_1234,GB_H2,Z10,,H2_turbine,0.5,True,0,inf,0.592,0.0,False,0.0,inf,,,,0.0,1.0,0.0,,,0.0,5.0,0.0,0.0,0.0,1.0,False,0.0,0.0,0,0,1,0,,,,,0,True,0.0,,,,
H2_turbine_gen_H2_1235,GB_H2,Z10,,H2_turbine,0.5,True,0,inf,0.334,0.0,False,0.0,inf,,,,0.0,1.0,0.0,,,0.0,5.0,0.0,0.0,0.0,1.0,False,0.0,0.0,0,0,1,0,,,,,0,True,0.0,,,,
H2_turbine_FES_H2_SPTL_Z3,GB_H2,Z3,,H2_turbine,0.5,True,0,inf,366.792,0.0,False,0.0,inf,,,,0.0,1.0,0.0,,,0.0,5.0,0.0,0.0,0.0,1.0,False,0.0,0.0,0,0,1,0,,,,,0,True,0.0,,,,
H2_turbine_FES_H2_SPTL_Z4,GB_H2,Z4,,H2_turbine,0.5,True,0,inf,366.792,0.0,False,0.0,inf,,,,0.0,1.0,0.0,,,0.0,5.0,0.0,0.0,0.0,1.0,False,0.0,0.0,0,0,1,0,,,,,0,True,0.0,,,,
H2_turbine_FES_H2_SPTL_Z5,GB_H2,Z5,,H2_turbine,0.5,True,0,inf,366.792,0.0,False,0.0,inf,,,,0.0,1.0,0.0,,,0.0,5.0,0.0,0.0,0.0,1.0,False,0.0,0.0,0,0,1,0,,,,,0,True,0.0,,,,
IC_Britned,Z15,HVDC_External_Netherlands_Maasvlakte,,DC,0.975,True,0,inf,1928.0939181477254,0.0,False,0.0,inf,,,,-1.0,1.0,0.0,,,0.0,0.0,0.0,0.0,0.0,1.0,False,0.0,0.0,0,0,1,0,,,,,0,True,0.0,Britned,Netherlands,2011.0,DUKES+NESO_combined
IC_IFA,Z15,HVDC_External_France_Calais,,DC,0.975,True,0,inf,3833.0507092776784,0.0,False,0.0,inf,,,,-1.0,1.0,0.0,,,0.0,0.0,0.0,0.0,0.0,1.0,False,0.0,0.0,0,0,1,0,,,,,0,True,0.0,IFA,France,1986.0,DUKES+NESO_combined
IC_IFA2,Z16,HVDC_External_France_Calais,,DC,0.975,True,0,inf,1928.0939181477254,0.0,False,0.0,inf,,,,-1.0,1.0,0.0,,,0.0,0.0,0.0,0.0,0.0,1.0,False,0.0,0.0,0,0,1,0,,,,,0,True,0.0,IFA2,France,2021.0,DUKES+NESO_combined
IC_Nemo Link,Z15,HVDC_External_Belgium_Zeebrugge,,DC,0.975,True,0,inf,1966.65579651068,0.0,False,0.0,inf,,,,-1.0,1.0,0.0,,,0.0,0.0,0.0,0.0,0.0,1.0,False,0.0,0.0,0,0,1,0,,,,,0,True,0.0,Nemo Link,Belgium,2019.0,DUKES+NESO_combined
IC_ElecLink,Z15,HVDC_External_France_Calais,,DC,0.975,True,0,inf,1928.0939181477254,0.0,False,0.0,inf,,,,-1.0,1.0,0.0,,,0.0,0.0,0.0,0.0,0.0,1.0,False,0.0,0.0,0,0,1,0,,,,,0,True,0.0,ElecLink,France,2022.0,DUKES+NESO_combined
IC_Viking,Z10,HVDC_External_Denmark_Revsing,,DC,0.975,True,0,inf,2699.331485406816,0.0,False,0.0,inf,,,,-1.0,1.0,0.0,,,0.0,0.0,0.0,0.0,0.0,1.0,False,0.0,0.0,0,0,1,0,,,,,0,True,0.0,Viking,Denmark,2023.0,DUKES+NESO_combined
IC_East West Interconnector,Z9,HVDC_External_Ireland_Rush_North_Beach,,DC,0.975,True,0,inf,973.6874286646014,0.0,False,0.0,inf,,,,-1.0,1.0,0.0,,,0.0,0.0,0.0,0.0,0.0,1.0,False,0.0,0.0,0,0,1,0,,,,,0,True,0.0,East West Interconnector,Ireland,,NESO_only
IC_Isle of Man Interconnector,Z9,HVDC_External_Isle_Of_Man_Douglas,,DC,0.975,True,0,inf,142.6789499429317,0.0,False,0.0,inf,,,,-1.0,1.0,0.0,,,0.0,0.0,0.0,0.0,0.0,1.0,False,0.0,0.0,0,0,1,0,,,,,0,True,0.0,Isle of Man Interconnector,Isle Of Man,,NESO_only
IC_NeuConnect Interconnector,Z15,HVDC_External_Netherlands_Maasvlakte,,DC,0.975,True,0,inf,2699.331485406816,0.0,False,0.0,inf,,,,-1.0,1.0,0.0,,,0.0,0.0,0.0,0.0,0.0,1.0,False,0.0,0.0,0,0,1,0,,,,,0,True,0.0,NeuConnect Interconnector,Netherlands,,NESO_only
