name,bus,control,type,p_nom,p_nom_mod,p_nom_extendable,p_nom_min,p_nom_max,p_nom_set,p_min_pu,p_max_pu,p_set,q_set,p_dispatch_set,p_store_set,sign,carrier,spill_cost,marginal_cost,marginal_cost_quadratic,marginal_cost_storage,capital_cost,overnight_cost,discount_rate,fom_cost,active,build_year,lifetime,state_of_charge_initial,state_of_charge_initial_per_period,state_of_charge_set,cyclic_state_of_charge,cyclic_state_of_charge_per_period,max_hours,efficiency_store,efficiency_dispatch,standing_loss,inflow,p_nom_opt,lon,lat
Dinorwig_0,Z9,PQ,,1728.0,0.0,False,0.0,inf,,-1.0,1.0,,0.0,,,1.0,Pumped Storage Hydroelectricity,0.0,0.0,0.0,0.0,0.0,,,0.0,True,0,inf,8985.6,False,,False,False,8.0,0.87,0.9,0.0,0.0,0.0,-3.01,53.386
Ffestiniog_1,Z9,PQ,,360.0,0.0,False,0.0,inf,,-1.0,1.0,,0.0,,,1.0,Pumped Storage Hydroelectricity,0.0,0.0,0.0,0.0,0.0,,,0.0,True,0,inf,1872.0,False,,False,False,8.0,0.87,0.9,0.0,0.0,0.0,-3.01,53.386
Cruachan_2,Z3,PQ,,440.0,0.0,False,0.0,inf,,-1.0,1.0,,0.0,,,1.0,Pumped Storage Hydroelectricity,0.0,0.0,0.0,0.0,0.0,,,0.0,True,0,inf,2288.0,False,,False,False,8.0,0.87,0.9,0.0,0.0,0.0,-4.05,56.442
Foyers_3,Z1_4,PQ,,300.0,0.0,False,0.0,inf,,-1.0,1.0,,0.0,,,1.0,Pumped Storage Hydroelectricity,0.0,0.0,0.0,0.0,0.0,,,0.0,True,0,inf,1560.0,False,,False,False,8.0,0.87,0.9,0.0,0.0,0.0,-5.2,57.119
Willersey_solar_farm__18,Z11,PQ,,1.0,0.0,False,0.0,inf,,-1.0,1.0,,0.0,,,1.0,Battery,0.0,0.0,0.0,0.0,0.0,,,0.0,True,0,inf,1.0,False,,False,False,2.0,0.95,0.95,0.001,0.0,0.0,-1.647,52.569
Oxcroft_Solar_Farm_24,Z10,PQ,,1.0,0.0,False,0.0,inf,,-1.0,1.0,,0.0,,,1.0,Battery,0.0,0.0,0.0,0.0,0.0,,,0.0,True,0,inf,1.0,False,,False,False,2.0,0.95,0.95,0.001,0.0,0.0,-0.383,53.136
Western_International_Market_WIM_Site_25,Z14,PQ,,0.2,0.0,False,0.0,inf,,-1.0,1.0,,0.0,,,1.0,Battery,0.0,0.0,0.0,0.0,0.0,,,0.0,True,0,inf,0.2,False,,False,False,2.0,0.95,0.95,0.001,0.0,0.0,-0.157,51.536
Salcey_Solar_Farm_26,Z11,PQ,,1.0,0.0,False,0.0,inf,,-1.0,1.0,,0.0,,,1.0,Battery,0.0,0.0,0.0,0.0,0.0,,,0.0,True,0,inf,1.0,False,,False,False,2.0,0.95,0.95,0.001,0.0,0.0,-1.647,52.569
Cleveland_Potash_27,Z8,PQ,,6.0,0.0,False,0.0,inf,,-1.0,1.0,,0.0,,,1.0,Battery,0.0,0.0,0.0,0.0,0.0,,,0.0,True,0,inf,6.0,False,,False,False,2.0,0.95,0.95,0.001,0.0,0.0,-1.164,53.914
Pelham_29,Z12,PQ,,49.0,0.0,False,0.0,inf,,-1.0,1.0,,0.0,,,1.0,Battery,0.0,0.0,0.0,0.0,0.0,,,0.0,True,0,inf,49.0,False,,False,False,2.0,0.95,0.95,0.001,0.0,0.0,0.4507,52.254
Berry_Court_Solar_Farm___energy_storage_30,Z16,PQ,,1.0,0.0,False,0.0,inf,,-1.0,1.0,,0.0,,,1.0,Battery,0.0,0.0,0.0,0.0,0.0,,,0.0,True,0,inf,1.0,False,,False,False,2.0,0.95,0.95,0.001,0.0,0.0,-0.725,51.039
Dorking_Battery_Energy_Storage_System_32,Z16,PQ,,6.0,0.0,False,0.0,inf,,-1.0,1.0,,0.0,,,1.0,Battery,0.0,0.0,0.0,0.0,0.0,,,0.0,True,0,inf,6.0,False,,False,False,2.0,0.95,0.95,0.001,0.0,0.0,-0.725,51.039
Broxburn__33,Z5,PQ,,20.0,0.0,False,0.0,inf,,-1.0,1.0,,0.0,,,1.0,Battery,0.0,0.0,0.0,0.0,0.0,,,0.0,True,0,inf,20.0,False,,False,False,2.0,0.95,0.95,0.001,0.0,0.0,-3.83,55.777
Land_to_the_west_of_Clay_Hill_Pit___Larport_Farm_34,Z13,PQ,,20.0,0.0,False,0.0,inf,,-1.0,1.0,,0.0,,,1.0,Battery,0.0,0.0,0.0,0.0,0.0,,,0.0,True,0,inf,20.0,False,,False,False,2.0,0.95,0.95,0.001,0.0,0.0,-2.946,51.817
Bumpers_Lane_Solar_Farm__36,Z14,PQ,,13.3,0.0,False,0.0,inf,,-1.0,1.0,,0.0,,,1.0,Battery,0.0,0.0,0.0,0.0,0.0,,,0.0,True,0,inf,13.3,False,,False,False,2.0,0.95,0.95,0.001,0.0,0.0,-0.157,51.536
Hill_Farm___Energy_Barn_37,Z11,PQ,,10.0,0.0,False,0.0,inf,,-1.0,1.0,,0.0,,,1.0,Battery,0.0,0.0,0.0,0.0,0.0,,,0.0,True,0,inf,10.0,False,,False,False,2.0,0.95,0.95,0.001,0.0,0.0,-1.647,52.569
Kings_Barn_Farm___Energy_Barn_38,Z16,PQ,,10.0,0.0,False,0.0,inf,,-1.0,1.0,,0.0,,,1.0,Battery,0.0,0.0,0.0,0.0,0.0,,,0.0,True,0,inf,10.0,False,,False,False,2.0,0.95,0.95,0.001,0.0,0.0,-0.725,51.039
Noriker_Power_Staunch_40,Z9,PQ,,20.0,0.0,False,0.0,inf,,-1.0,1.0,,0.0,,,1.0,Battery,0.0,0.0,0.0,0.0,0.0,,,0.0,True,0,inf,20.0,False,,False,False,2.0,0.95,0.95,0.001,0.0,0.0,-3.01,53.386
West_Burton_41,Z10,PQ,,49.0,0.0,False,0.0,inf,,-1.0,1.0,,0.0,,,1.0,Battery,0.0,0.0,0.0,0.0,0.0,,,0.0,True,0,inf,49.0,False,,False,False,2.0,0.95,0.95,0.001,0.0,0.0,-0.383,53.136
Tynemouth_Energy_Storage_System_TESS_42,Z7,PQ,,25.0,0.0,False,0.0,inf,,-1.0,1.0,,0.0,,,1.0,Battery,0.0,0.0,0.0,0.0,0.0,,,0.0,True,0,inf,25.0,False,,False,False,2.0,0.95,0.95,0.001,0.0,0.0,-2.186,54.884
Pen_y_Cymoedd_Energy_Storage_44,Z13,PQ,,22.0,0.0,False,0.0,inf,,-1.0,1.0,,0.0,,,1.0,Battery,0.0,0.0,0.0,0.0,0.0,,,0.0,True,0,inf,22.0,False,,False,False,2.0,0.95,0.95,0.001,0.0,0.0,-2.946,51.817
Asfordby_Business_Park_1_45,Z10,PQ,,23.4,0.0,False,0.0,inf,,-1.0,1.0,,0.0,,,1.0,Battery,0.0,0.0,0.0,0.0,0.0,,,0.0,True,0,inf,23.4,False,,False,False,2.0,0.95,0.95,0.001,0.0,0.0,-0.383,53.136
Ray_Battery_Storage_Facility_46,Z7,PQ,,20.0,0.0,False,0.0,inf,,-1.0,1.0,,0.0,,,1.0,Battery,0.0,0.0,0.0,0.0,0.0,,,0.0,True,0,inf,20.0,False,,False,False,2.0,0.95,0.95,0.001,0.0,0.0,-2.186,54.884
Claredown_Farm_47,Z12,PQ,,20.0,0.0,False,0.0,inf,,-1.0,1.0,,0.0,,,1.0,Battery,0.0,0.0,0.0,0.0,0.0,,,0.0,True,0,inf,20.0,False,,False,False,2.0,0.95,0.95,0.001,0.0,0.0,0.4507,52.254
Melksham_Substation_East_Storage_48,Z13,PQ,,50.0,0.0,False,0.0,inf,,-1.0,1.0,,0.0,,,1.0,Battery,0.0,0.0,0.0,0.0,0.0,,,0.0,True,0,inf,50.0,False,,False,False,2.0,0.95,0.95,0.001,0.0,0.0,-2.946,51.817
Lockleaze_Energy_Storage_49,Z13,PQ,,15.0,0.0,False,0.0,inf,,-1.0,1.0,,0.0,,,1.0,Battery,0.0,0.0,0.0,0.0,0.0,,,0.0,True,0,inf,15.0,False,,False,False,2.0,0.95,0.95,0.001,0.0,0.0,-2.946,51.817
Thrybergh_Hydroelectric_Scheme_50,Z8,PQ,,0.3,0.0,False,0.0,inf,,-1.0,1.0,,0.0,,,1.0,Battery,0.0,0.0,0.0,0.0,0.0,,,0.0,True,0,inf,0.3,False,,False,False,2.0,0.95,0.95,0.001,0.0,0.0,-1.164,53.914
Port_of_Tyne_51,Z7,PQ,,35.0,0.0,False,0.0,inf,,-1.0,1.0,,0.0,,,1.0,Battery,0.0,0.0,0.0,0.0,0.0,,,0.0,True,0,inf,35.0,False,,False,False,2.0,0.95,0.95,0.001,0.0,0.0,-2.186,54.884
Burbo_Bank_Energy_Storage_53,Z9,PQ,,2.0,0.0,False,0.0,inf,,-1.0,1.0,,0.0,,,1.0,Battery,0.0,0.0,0.0,0.0,0.0,,,0.0,True,0,inf,2.0,False,,False,False,2.0,0.95,0.95,0.001,0.0,0.0,-3.01,53.386
Trent_Basin_Community_Battery_54,Z10,PQ,,0.5,0.0,False,0.0,inf,,-1.0,1.0,,0.0,,,1.0,Battery,0.0,0.0,0.0,0.0,0.0,,,0.0,True,0,inf,0.5,False,,False,False,2.0,0.95,0.95,0.001,0.0,0.0,-0.383,53.136
Land_at_and_adjacent_to_Leicester_Forest_Services_55,Z11,PQ,,1.5,0.0,False,0.0,inf,,-1.0,1.0,,0.0,,,1.0,Battery,0.0,0.0,0.0,0.0,0.0,,,0.0,True,0,inf,1.5,False,,False,False,2.0,0.95,0.95,0.001,0.0,0.0,-1.647,52.569
Stony_Energy_Storage_Facility_56,Z14,PQ,,79.9,0.0,False,0.0,inf,,-1.0,1.0,,0.0,,,1.0,Battery,0.0,0.0,0.0,0.0,0.0,,,0.0,True,0,inf,79.9,False,,False,False,2.0,0.95,0.95,0.001,0.0,0.0,-0.157,51.536
Pillswood_Phase_1__58,Z8,PQ,,49.5,0.0,False,0.0,inf,,-1.0,1.0,,0.0,,,1.0,Battery,0.0,0.0,0.0,0.0,0.0,,,0.0,True,0,inf,49.5,False,,False,False,2.0,0.95,0.95,0.001,0.0,0.0,-1.164,53.914
Aikengall_II_Community_Wind_Farm_Battery_59,Z5,PQ,,80.0,0.0,False,0.0,inf,,-1.0,1.0,,0.0,,,1.0,Battery,0.0,0.0,0.0,0.0,0.0,,,0.0,True,0,inf,80.0,False,,False,False,2.0,0.95,0.95,0.001,0.0,0.0,-3.83,55.777
Nether_Moor_Field_60,Z8,PQ,,49.9,0.0,False,0.0,inf,,-1.0,1.0,,0.0,,,1.0,Battery,0.0,0.0,0.0,0.0,0.0,,,0.0,True,0,inf,49.9,False,,False,False,2.0,0.95,0.95,0.001,0.0,0.0,-1.164,53.914
Mannington_Battery_Storage_Plant_61,Z13,PQ,,49.9,0.0,False,0.0,inf,,-1.0,1.0,,0.0,,,1.0,Battery,0.0,0.0,0.0,0.0,0.0,,,0.0,True,0,inf,49.9,False,,False,False,2.0,0.95,0.95,0.001,0.0,0.0,-2.946,51.817
London_Distribution_Park_62,Z14,PQ,,3.8,0.0,False,0.0,inf,,-1.0,1.0,,0.0,,,1.0,Battery,0.0,0.0,0.0,0.0,0.0,,,0.0,True,0,inf,3.8,False,,False,False,2.0,0.95,0.95,0.001,0.0,0.0,-0.157,51.536
Lathom_Pilkington_Technical_Centre_Battery_Storage_63,Z9,PQ,,2.0,0.0,False,0.0,inf,,-1.0,1.0,,0.0,,,1.0,Battery,0.0,0.0,0.0,0.0,0.0,,,0.0,True,0,inf,2.0,False,,False,False,2.0,0.95,0.95,0.001,0.0,0.0,-3.01,53.386
Severn_Road_64,Z13,PQ,,32.0,0.0,False,0.0,inf,,-1.0,1.0,,0.0,,,1.0,Battery,0.0,0.0,0.0,0.0,0.0,,,0.0,True,0,inf,32.0,False,,False,False,2.0,0.95,0.95,0.001,0.0,0.0,-2.946,51.817
Dollymans_Storage_65,Z15,PQ,,99.98,0.0,False,0.0,inf,,-1.0,1.0,,0.0,,,1.0,Battery,0.0,0.0,0.0,0.0,0.0,,,0.0,True,0,inf,99.98,False,,False,False,2.0,0.95,0.95,0.001,0.0,0.0,0.826,51.312
Philip_Dennis_Food_Service_66,Z17,PQ,,3.8,0.0,False,0.0,inf,,-1.0,1.0,,0.0,,,1.0,Battery,0.0,0.0,0.0,0.0,0.0,,,0.0,True,0,inf,3.8,False,,False,False,2.0,0.95,0.95,0.001,0.0,0.0,-3.601,50.757
Creyke_Beck_67,Z8,PQ,,49.9,0.0,False,0.0,inf,,-1.0,1.0,,0.0,,,1.0,Battery,0.0,0.0,0.0,0.0,0.0,,,0.0,True,0,inf,49.9,False,,False,False,2.0,0.95,0.95,0.001,0.0,0.0,-1.164,53.914
Huggins_Hall_68,Z15,PQ,,40.0,0.0,False,0.0,inf,,-1.0,1.0,,0.0,,,1.0,Battery,0.0,0.0,0.0,0.0,0.0,,,0.0,True,0,inf,40.0,False,,False,False,2.0,0.95,0.95,0.001,0.0,0.0,0.826,51.312
Calow_Green_Farm_69,Z10,PQ,,20.0,0.0,False,0.0,inf,,-1.0,1.0,,0.0,,,1.0,Battery,0.0,0.0,0.0,0.0,0.0,,,0.0,True,0,inf,20.0,False,,False,False,2.0,0.95,0.95,0.001,0.0,0.0,-0.383,53.136
Kirkhaw_Lane_70,Z8,PQ,,20.0,0.0,False,0.0,inf,,-1.0,1.0,,0.0,,,1.0,Battery,0.0,0.0,0.0,0.0,0.0,,,0.0,True,0,inf,20.0,False,,False,False,2.0,0.95,0.95,0.001,0.0,0.0,-1.164,53.914
Fideoak_Mills_71,Z17,PQ,,30.0,0.0,False,0.0,inf,,-1.0,1.0,,0.0,,,1.0,Battery,0.0,0.0,0.0,0.0,0.0,,,0.0,True,0,inf,30.0,False,,False,False,2.0,0.95,0.95,0.001,0.0,0.0,-3.601,50.757
Land_at_Carnegie_Road_72,Z9,PQ,,20.0,0.0,False,0.0,inf,,-1.0,1.0,,0.0,,,1.0,Battery,0.0,0.0,0.0,0.0,0.0,,,0.0,True,0,inf,20.0,False,,False,False,2.0,0.95,0.95,0.001,0.0,0.0,-3.01,53.386
Anchor_Lane_Energy_Centre_73,Z11,PQ,,4.0,0.0,False,0.0,inf,,-1.0,1.0,,0.0,,,1.0,Battery,0.0,0.0,0.0,0.0,0.0,,,0.0,True,0,inf,4.0,False,,False,False,2.0,0.95,0.95,0.001,0.0,0.0,-1.647,52.569
Osbaldwick_Substation_74,Z8,PQ,,49.9,0.0,False,0.0,inf,,-1.0,1.0,,0.0,,,1.0,Battery,0.0,0.0,0.0,0.0,0.0,,,0.0,True,0,inf,49.9,False,,False,False,2.0,0.95,0.95,0.001,0.0,0.0,-1.164,53.914
Whitelee_Wind_Farm_Battery_Storage_Extension_75,Z5,PQ,,50.0,0.0,False,0.0,inf,,-1.0,1.0,,0.0,,,1.0,Battery,0.0,0.0,0.0,0.0,0.0,,,0.0,True,0,inf,50.0,False,,False,False,2.0,0.95,0.95,0.001,0.0,0.0,-3.83,55.777
Minety_South___Battery_Storage_77,Z13,PQ,,49.99,0.0,False,0.0,inf,,-1.0,1.0,,0.0,,,1.0,Battery,0.0,0.0,0.0,0.0,0.0,,,0.0,True,0,inf,49.99,False,,False,False,2.0,0.95,0.95,0.001,0.0,0.0,-2.946,51.817
West_Didsbury_Battery_Storage_78,Z9,PQ,,49.99,0.0,False,0.0,inf,,-1.0,1.0,,0.0,,,1.0,Battery,0.0,0.0,0.0,0.0,0.0,,,0.0,True,0,inf,49.99,False,,False,False,2.0,0.95,0.95,0.001,0.0,0.0,-3.01,53.386
Meteor_Business_Park_79,Z13,PQ,,1.5,0.0,False,0.0,inf,,-1.0,1.0,,0.0,,,1.0,Battery,0.0,0.0,0.0,0.0,0.0,,,0.0,True,0,inf,1.5,False,,False,False,2.0,0.95,0.95,0.001,0.0,0.0,-2.946,51.817
Boscar_Grange_Farm_80,Z8,PQ,,27.0,0.0,False,0.0,inf,,-1.0,1.0,,0.0,,,1.0,Battery,0.0,0.0,0.0,0.0,0.0,,,0.0,True,0,inf,27.0,False,,False,False,2.0,0.95,0.95,0.001,0.0,0.0,-1.164,53.914
Clayhill_81,Z14,PQ,,6.0,0.0,False,0.0,inf,,-1.0,1.0,,0.0,,,1.0,Battery,0.0,0.0,0.0,0.0,0.0,,,0.0,True,0,inf,6.0,False,,False,False,2.0,0.95,0.95,0.001,0.0,0.0,-0.157,51.536
Pillswood_Phase_2_82,Z8,PQ,,49.5,0.0,False,0.0,inf,,-1.0,1.0,,0.0,,,1.0,Battery,0.0,0.0,0.0,0.0,0.0,,,0.0,True,0,inf,49.5,False,,False,False,2.0,0.95,0.95,0.001,0.0,0.0,-1.164,53.914
Lascar_Works__83,Z9,PQ,,20.0,0.0,False,0.0,inf,,-1.0,1.0,,0.0,,,1.0,Battery,0.0,0.0,0.0,0.0,0.0,,,0.0,True,0,inf,20.0,False,,False,False,2.0,0.95,0.95,0.001,0.0,0.0,-3.01,53.386
Clayhill_Farm____Battery_Energy_Storage_84,Z14,PQ,,21.0,0.0,False,0.0,inf,,-1.0,1.0,,0.0,,,1.0,Battery,0.0,0.0,0.0,0.0,0.0,,,0.0,True,0,inf,21.0,False,,False,False,2.0,0.95,0.95,0.001,0.0,0.0,-0.157,51.536
Dunsinane_Industrial_Estate_85,Z3,PQ,,49.9,0.0,False,0.0,inf,,-1.0,1.0,,0.0,,,1.0,Battery,0.0,0.0,0.0,0.0,0.0,,,0.0,True,0,inf,49.9,False,,False,False,2.0,0.95,0.95,0.001,0.0,0.0,-4.05,56.442
Feeder_Road_86,Z13,PQ,,20.0,0.0,False,0.0,inf,,-1.0,1.0,,0.0,,,1.0,Battery,0.0,0.0,0.0,0.0,0.0,,,0.0,True,0,inf,20.0,False,,False,False,2.0,0.95,0.95,0.001,0.0,0.0,-2.946,51.817
Energy_Centre_Royal_Mint_87,Z13,PQ,,20.0,0.0,False,0.0,inf,,-1.0,1.0,,0.0,,,1.0,Battery,0.0,0.0,0.0,0.0,0.0,,,0.0,True,0,inf,20.0,False,,False,False,2.0,0.95,0.95,0.001,0.0,0.0,-2.946,51.817
Lister_Drive_89,Z9,PQ,,49.9,0.0,False,0.0,inf,,-1.0,1.0,,0.0,,,1.0,Battery,0.0,0.0,0.0,0.0,0.0,,,0.0,True,0,inf,49.9,False,,False,False,2.0,0.95,0.95,0.001,0.0,0.0,-3.01,53.386
Liverpool_Energy_Management_Facility_90,Z9,PQ,,49.9,0.0,False,0.0,inf,,-1.0,1.0,,0.0,,,1.0,Battery,0.0,0.0,0.0,0.0,0.0,,,0.0,True,0,inf,49.9,False,,False,False,2.0,0.95,0.95,0.001,0.0,0.0,-3.01,53.386
Stonehill_Energy_Storage_91,Z13,PQ,,50.0,0.0,False,0.0,inf,,-1.0,1.0,,0.0,,,1.0,Battery,0.0,0.0,0.0,0.0,0.0,,,0.0,True,0,inf,50.0,False,,False,False,2.0,0.95,0.95,0.001,0.0,0.0,-2.946,51.817
Cleve_Hill_Solar_Project_93,Z15,PQ,,150.0,0.0,False,0.0,inf,,-1.0,1.0,,0.0,,,1.0,Battery,0.0,0.0,0.0,0.0,0.0,,,0.0,True,0,inf,150.0,False,,False,False,2.0,0.95,0.95,0.001,0.0,0.0,0.826,51.312
Bustleholme_Substation_94,Z11,PQ,,49.9,0.0,False,0.0,inf,,-1.0,1.0,,0.0,,,1.0,Battery,0.0,0.0,0.0,0.0,0.0,,,0.0,True,0,inf,49.9,False,,False,False,2.0,0.95,0.95,0.001,0.0,0.0,-1.647,52.569
Dundee_Technology_Park_96,Z3,PQ,,49.9,0.0,False,0.0,inf,,-1.0,1.0,,0.0,,,1.0,Battery,0.0,0.0,0.0,0.0,0.0,,,0.0,True,0,inf,49.9,False,,False,False,2.0,0.95,0.95,0.001,0.0,0.0,-4.05,56.442
Clifton_Marsh_Waste_Water_Treatment_Works_100,Z9,PQ,,2.0,0.0,False,0.0,inf,,-1.0,1.0,,0.0,,,1.0,Battery,0.0,0.0,0.0,0.0,0.0,,,0.0,True,0,inf,2.0,False,,False,False,2.0,0.95,0.95,0.001,0.0,0.0,-3.01,53.386
Larks_Green_Solar_Farm_101,Z13,PQ,,49.5,0.0,False,0.0,inf,,-1.0,1.0,,0.0,,,1.0,Battery,0.0,0.0,0.0,0.0,0.0,,,0.0,True,0,inf,49.5,False,,False,False,2.0,0.95,0.95,0.001,0.0,0.0,-2.946,51.817
Bloxwich_Battery_103,Z11,PQ,,41.0,0.0,False,0.0,inf,,-1.0,1.0,,0.0,,,1.0,Battery,0.0,0.0,0.0,0.0,0.0,,,0.0,True,0,inf,41.0,False,,False,False,2.0,0.95,0.95,0.001,0.0,0.0,-1.647,52.569
Richborough_Energy_Park_105,Z15,PQ,,49.9,0.0,False,0.0,inf,,-1.0,1.0,,0.0,,,1.0,Battery,0.0,0.0,0.0,0.0,0.0,,,0.0,True,0,inf,49.9,False,,False,False,2.0,0.95,0.95,0.001,0.0,0.0,0.826,51.312
Newlands_Farm_Battery_Storage_Facility_Phase_2_106,Z16,PQ,,40.0,0.0,False,0.0,inf,,-1.0,1.0,,0.0,,,1.0,Battery,0.0,0.0,0.0,0.0,0.0,,,0.0,True,0,inf,40.0,False,,False,False,2.0,0.95,0.95,0.001,0.0,0.0,-0.725,51.039
Native_River_107,Z9,PQ,,57.0,0.0,False,0.0,inf,,-1.0,1.0,,0.0,,,1.0,Battery,0.0,0.0,0.0,0.0,0.0,,,0.0,True,0,inf,57.0,False,,False,False,2.0,0.95,0.95,0.001,0.0,0.0,-3.01,53.386
Crouch_Solar_Farm_108,Z14,PQ,,49.9,0.0,False,0.0,inf,,-1.0,1.0,,0.0,,,1.0,Battery,0.0,0.0,0.0,0.0,0.0,,,0.0,True,0,inf,49.9,False,,False,False,2.0,0.95,0.95,0.001,0.0,0.0,-0.157,51.536
Hirwaun_Stor_Generation___Battery_Storage_110,Z13,PQ,,21.76,0.0,False,0.0,inf,,-1.0,1.0,,0.0,,,1.0,Battery,0.0,0.0,0.0,0.0,0.0,,,0.0,True,0,inf,21.76,False,,False,False,2.0,0.95,0.95,0.001,0.0,0.0,-2.946,51.817
Rusholme_Grange__111,Z8,PQ,,40.0,0.0,False,0.0,inf,,-1.0,1.0,,0.0,,,1.0,Battery,0.0,0.0,0.0,0.0,0.0,,,0.0,True,0,inf,40.0,False,,False,False,2.0,0.95,0.95,0.001,0.0,0.0,-1.164,53.914
South_Farm_Solar_Park_113,Z16,PQ,,10.0,0.0,False,0.0,inf,,-1.0,1.0,,0.0,,,1.0,Battery,0.0,0.0,0.0,0.0,0.0,,,0.0,True,0,inf,10.0,False,,False,False,2.0,0.95,0.95,0.001,0.0,0.0,-0.725,51.039
Wishaw_Battery_Storage_Facility_114,Z5,PQ,,49.99,0.0,False,0.0,inf,,-1.0,1.0,,0.0,,,1.0,Battery,0.0,0.0,0.0,0.0,0.0,,,0.0,True,0,inf,49.99,False,,False,False,2.0,0.95,0.95,0.001,0.0,0.0,-3.83,55.777
Richborough_Energy_Park___Phase_2_115,Z15,PQ,,50.1,0.0,False,0.0,inf,,-1.0,1.0,,0.0,,,1.0,Battery,0.0,0.0,0.0,0.0,0.0,,,0.0,True,0,inf,50.1,False,,False,False,2.0,0.95,0.95,0.001,0.0,0.0,0.826,51.312
Pleasance_Road___Battery_Energy_Facility_117,Z3,PQ,,49.9,0.0,False,0.0,inf,,-1.0,1.0,,0.0,,,1.0,Battery,0.0,0.0,0.0,0.0,0.0,,,0.0,True,0,inf,49.9,False,,False,False,2.0,0.95,0.95,0.001,0.0,0.0,-4.05,56.442
North_Norfolk_Business_Centre_Solar_Park___Battery_Energy_Storage_Scheme_118,Z12,PQ,,6.0,0.0,False,0.0,inf,,-1.0,1.0,,0.0,,,1.0,Battery,0.0,0.0,0.0,0.0,0.0,,,0.0,True,0,inf,6.0,False,,False,False,2.0,0.95,0.95,0.001,0.0,0.0,0.4507,52.254
